1,GothicCabinet_01,2.361,Wood,https://3dmodelhaven.com/model/?m=GothicCabinet_01
2,Barrel_01,0.88,Steel,https://3dmodelhaven.com/model/?m=Barrel_01
3,Lantern_01,0.294,Steel,https://3dmodelhaven.com/model/?m=Lantern_01
4,Television_01,0.6,Steel,https://3dmodelhaven.com/model/?m=Television_01
5,GreenChair_01,1.059,Wood,https://3dmodelhaven.com/model/?m=GreenChair_01
6,GothicCommode_01,1.212,Wood,https://3dmodelhaven.com/model/?m=GothicCommode_01
7,WoodenTable_01,1.8,Wood,https://3dmodelhaven.com/model/?m=WoodenTable_01
8,Ukulele_01,0.527,Wood,https://3dmodelhaven.com/model/?m=Ukulele_01
9,ClassicConsole_01,1.543,Wood,https://3dmodelhaven.com/model/?m=ClassicConsole_01
10,Barrel_02,0.88,Polycarbonate,https://3dmodelhaven.com/model/?m=Barrel_02
11,Rockingchair_01,0.995,Wood,https://3dmodelhaven.com/model/?m=Rockingchair_01
12,WoodenTable_02,0.418,Wood,https://3dmodelhaven.com/model/?m=WoodenTable_02
13,WetFloorSign_01,0.63,Polycarbonate,https://3dmodelhaven.com/model/?m=WetFloorSign_01
14,ClassicNightstand_01,0.7,Wood,https://3dmodelhaven.com/model/?m=ClassicNightstand_01
15,CoffeeTable_01,1.54,Wood,https://3dmodelhaven.com/model/?m=CoffeeTable_01
16,WoodenTable_03,1.327,Wood,https://3dmodelhaven.com/model/?m=WoodenTable_03
17,Shelf_01,2.08,Wood,https://3dmodelhaven.com/model/?m=Shelf_01
18,WoodenChair_01,2.274,Wood,https://3dmodelhaven.com/model/?m=WoodenChair_01
19,Megaphone_01,0.371,Polycarbonate,https://3dmodelhaven.com/model/?m=Megaphone_01
20,CheeseBox_01,0.24,Wood,https://3dmodelhaven.com/model/?m=CheeseBox_01
21,019_pitcher_base,0.235,Plastic,None
22,024_bowl,0.159,Steel,None
23,025_mug,0.082,Steel,None
24,029_plate,0.258,Steel,None
25,030_fork,0.198,Steel,None
26,031_spoon,0.195,Steel,None
27,032_knife,0.215,Steel,None
28,033_spatula,0.35,Polycarbonate,None
29,036_wood_block,0.2,Wood,None
30,038_padlock,0.065,Iron,None
31,040_large_marker,0.121,Plastic,None
32,042_adjustable_wrench,0.205,Iron,None
33,050_medium_clamp,0.115,Iron,None
34,051_large_clamp,0.165,Iron,None
35,052_extra_large_clamp,0.213,Iron,None
36,062_dice,0.0162,Polycarbonate,None
37,065-a_cups,0.06,Polycarbonate,None
38,065-b_cups,0.062,Polycarbonate,None
39,065-c_cups,0.065,Polycarbonate,None
40,065-d_cups,0.07,Polycarbonate,None
41,065-e_cups,0.075,Polycarbonate,None
42,065-f_cups,0.08,Polycarbonate,None
43,065-g_cups,0.085,Polycarbonate,None
44,065-h_cups,0.09,Polycarbonate,None
45,065-i_cups,0.095,Polycarbonate,None
46,065-j_cups,0.1,Polycarbonate,None
47,071_nine_hole_peg_test,1.2,Wood,None
48,072-a_toy_airplane,0.28,Polycarbonate,None
49,Vtech_Stack_Sing_Rings_636_Months,0.233,Plastic,https://app.ignitionrobotics.org/GoogleResearch/fuel/models/Vtech_Stack_Sing_Rings_636_Months
50,Vtech_Roll_Learn_Turtle,0.232,Plastic,https://app.ignitionrobotics.org/GoogleResearch/fuel/models/Vtech_Roll_Learn_Turtle
51,Victor_Reversible_Bookend,0.236,Wood,https://app.ignitionrobotics.org/GoogleResearch/fuel/models/Victor_Reversible_Bookend
52,Utana_5_Porcelain_Ramekin_Large,0.132,Ceramic,https://app.ignitionrobotics.org/GoogleResearch/fuel/models/Utana_5_Porcelain_Ramekin_Large
53,Top_Paw_Dog_Bowl_Blue_Paw_Bone_Ceramic_25_fl_oz_total,0.153,Ceramic,https://app.ignitionrobotics.org/GoogleResearch/fuel/models/Top_Paw_Dog_Bowl_Blue_Paw_Bone_Ceramic_25_fl_oz_total
54,Top_Paw_Dog_Bow_Bone_Ceramic_13_fl_oz_total,0.186,Ceramic,https://app.ignitionrobotics.org/GoogleResearch/fuel/models/Top_Paw_Dog_Bow_Bone_Ceramic_13_fl_oz_total
55,Threshold_Tray_Rectangle_Porcelain,0.314,Ceramic,https://app.ignitionrobotics.org/GoogleResearch/fuel/models/Threshold_Tray_Rectangle_Porcelain
56,Threshold_Salad_Plate_Square_Rim_Porcelain,0.212,Ceramic,https://app.ignitionrobotics.org/GoogleResearch/fuel/models/Threshold_Salad_Plate_Square_Rim_Porcelain
57,Threshold_Porcelain_Teapot_White,0.187,Ceramic,https://app.ignitionrobotics.org/GoogleResearch/fuel/models/Threshold_Porcelain_Teapot_White
58,Threshold_Porcelain_Spoon_Rest_White,0.237,Ceramic,https://app.ignitionrobotics.org/GoogleResearch/fuel/models/Threshold_Porcelain_Spoon_Rest_White
59,Threshold_Porcelain_Pitcher_White,0.278,Ceramic,https://app.ignitionrobotics.org/GoogleResearch/fuel/models/Threshold_Porcelain_Pitcher_White
60,Threshold_Porcelain_Coffee_Mug_All_Over_Bead_White,0.131,Ceramic,https://app.ignitionrobotics.org/GoogleResearch/fuel/models/Threshold_Porcelain_Coffee_Mug_All_Over_Bead_White
61,Threshold_Bistro_Ceramic_Dinner_Plate_Ruby_Ring,0.274,Ceramic,https://app.ignitionrobotics.org/GoogleResearch/fuel/models/Threshold_Bistro_Ceramic_Dinner_Plate_Ruby_Ring
62,Threshold_Bead_Cereal_Bowl_White,0.17,Ceramic,https://app.ignitionrobotics.org/GoogleResearch/fuel/models/Threshold_Bead_Cereal_Bowl_White
63,Sterilite_Caddy_Blue_Sky_17_58_x_12_58_x_9_14,0.447,Polycarbonate,https://app.ignitionrobotics.org/GoogleResearch/fuel/models/Sterilite_Caddy_Blue_Sky_17_58_x_12_58_x_9_14
64,Spritz_Easter_Basket_Plastic_Teal,0.191,Plastic,https://app.ignitionrobotics.org/GoogleResearch/fuel/models/Spritz_Easter_Basket_Plastic_Teal
65,Sonny_School_Bus,0.24,Plastic,https://app.ignitionrobotics.org/GoogleResearch/fuel/models/Sonny_School_Bus
66,Now_Designs_Bowl_Akita_Black,0.16,Ceramic,https://app.ignitionrobotics.org/GoogleResearch/fuel/models/Now_Designs_Bowl_Akita_Black
67,Chef_Style_Round_Cake_Pan_9_inch_pan,0.246,Steel,https://app.ignitionrobotics.org/GoogleResearch/fuel/models/Chef_Style_Round_Cake_Pan_9_inch_pan
68,5_HTP,0.089,Polycarbonate,https://app.ignitionrobotics.org/GoogleResearch/fuel/models/5_HTP
69,60_CONSTRUCTION_SET,0.344,Wood,https://app.ignitionrobotics.org/GoogleResearch/fuel/models/60_CONSTRUCTION_SET
70,Android_Figure_Orange,0.081,Polycarbonate,https://app.ignitionrobotics.org/GoogleResearch/fuel/models/Android_Figure_Orange
71,BUNNY_RACER,0.112,Polycarbonate,https://app.ignitionrobotics.org/GoogleResearch/fuel/models/BUNNY_RACER
72,Black_Decker_Stainless_Steel_Toaster_4_Slice,0.318,Steel,https://app.ignitionrobotics.org/GoogleResearch/fuel/models/Black_Decker_Stainless_Steel_Toaster_4_Slice
73,Black_and_Decker_TR3500SD_2Slice_Toaster,0.295,Steel,https://app.ignitionrobotics.org/GoogleResearch/fuel/models/Black_and_Decker_TR3500SD_2Slice_Toaster
74,CHICKEN_RACER,0.099,Polycarbonate,https://app.ignitionrobotics.org/GoogleResearch/fuel/models/CHICKEN_RACER
75,Kanex_MultiSync_Wireless_Keyboard,0.442,Polycarbonate,https://app.ignitionrobotics.org/GoogleResearch/fuel/models/Kanex_MultiSync_Wireless_Keyboard
76,Pony_C_Clamp_1440,0.202,Iron,https://app.ignitionrobotics.org/GoogleResearch/fuel/models/Pony_C_Clamp_1440
77,Poppin_File_Sorter_Blue,0.25,Steel,https://app.ignitionrobotics.org/GoogleResearch/fuel/models/Poppin_File_Sorter_Blue
78,Pennington_Electric_Pot_Cabana_4,0.104,Ceramic,https://app.ignitionrobotics.org/GoogleResearch/fuel/models/Pennington_Electric_Pot_Cabana_4
79,Kotobuki_Saucer_Dragon_Fly,0.097,Ceramic,https://app.ignitionrobotics.org/GoogleResearch/fuel/models/Kotobuki_Saucer_Dragon_Fly
80,Nordic_Ware_Original_Bundt_Pan,0.264,Steel,https://app.ignitionrobotics.org/GoogleResearch/fuel/models/Nordic_Ware_Original_Bundt_Pan
81,InterDesign_Over_Door,0.291,Steel,https://app.ignitionrobotics.org/GoogleResearch/fuel/models/InterDesign_Over_Door
82,Grreat_Choice_Dog_Double_Dish_Plastic_Blue,0.338,Plastic,https://app.ignitionrobotics.org/GoogleResearch/fuel/models/Grreat_Choice_Dog_Double_Dish_Plastic_Blue
83,Grreatv_Choice_Dog_Bowl_Gray_Bones_Plastic_20_fl_oz_total,0.184,Plastic,https://app.ignitionrobotics.org/GoogleResearch/fuel/models/Grreatv_Choice_Dog_Bowl_Gray_Bones_Plastic_20_fl_oz_total
84,Down_To_Earth_Ceramic_Orchid_Pot_Asst_Blue,0.133,Ceramic,https://app.ignitionrobotics.org/GoogleResearch/fuel/models/Down_To_Earth_Ceramic_Orchid_Pot_Asst_Blue
85,Down_To_Earth_Orchid_Pot_Ceramic_Red,0.131,Ceramic,https://app.ignitionrobotics.org/GoogleResearch/fuel/models/Down_To_Earth_Orchid_Pot_Ceramic_Red
86,Cole_Hardware_School_Bell_Solid_Brass_38,0.16,Steel,https://app.ignitionrobotics.org/GoogleResearch/fuel/models/Cole_Hardware_School_Bell_Solid_Brass_38
87,Chefmate_8_Frypan,0.356,Steel,https://app.ignitionrobotics.org/GoogleResearch/fuel/models/Chefmate_8_Frypan
88,ACE_Coffee_Mug_Kristen_16_oz_cup,0.135,Ceramic,https://app.ignitionrobotics.org/GoogleResearch/fuel/models/ACE_Coffee_Mug_Kristen_16_oz_cup
89,Thomas_Friends_Wooden_Railway_Ascending_Track_Riser_Pack,0.425,Wood,https://app.ignitionrobotics.org/GoogleResearch/fuel/models/Thomas_Friends_Wooden_Railway_Ascending_Track_Riser_Pack
90,MINI_ROLLER,0.144,Wood,https://app.ignitionrobotics.org/GoogleResearch/fuel/models/MINI_ROLLER
91,Marvel_Avengers_Titan_Hero_Series_Doctor_Doom,0.292,Plastic,https://app.ignitionrobotics.org/GoogleResearch/fuel/models/Marvel_Avengers_Titan_Hero_Series_Doctor_Doom
92,Seagate_3TB_Central_shared_storage,0.217,Polycarbonate,https://app.ignitionrobotics.org/GoogleResearch/fuel/models/Seagate_3TB_Central_shared_storage
93,LTyrosine,0.111,Polycarbonate,https://app.ignitionrobotics.org/GoogleResearch/fuel/models/LTyrosine
94,Thomas_Friends_Wooden_Railway_Deluxe_Track_Accessory_Pack,0.357,Wood,https://app.ignitionrobotics.org/GoogleResearch/fuel/models/Thomas_Friends_Wooden_Railway_Deluxe_Track_Accessory_Pack
95,Weston_No_22_Cajun_Jerky_Tonic_12_fl_oz_nLj64ZnGwDh,0.199,Glass,https://app.ignitionrobotics.org/GoogleResearch/fuel/models/Weston_No_22_Cajun_Jerky_Tonic_12_fl_oz_nLj64ZnGwDh
96,Wilton_Pearlized_Sugar_Sprinkles_525_oz_Gold,0.134,Glass,https://app.ignitionrobotics.org/GoogleResearch/fuel/models/Wilton_Pearlized_Sugar_Sprinkles_525_oz_Gold
97,Baby_Elements_Stacking_Cups,0.346,Plastic,https://app.ignitionrobotics.org/GoogleResearch/fuel/models/Baby_Elements_Stacking_Cups
98,Cole_Hardware_Bowl_Scirocco_YellowBlue,0.115,Ceramic,https://app.ignitionrobotics.org/GoogleResearch/fuel/models/Cole_Hardware_Bowl_Scirocco_YellowBlue
99,Room_Essentials_Mug_White_Yellow,0.137,Ceramic,https://app.ignitionrobotics.org/GoogleResearch/fuel/models/Room_Essentials_Mug_White_Yellow
100,Ocedar_Snap_On_Dust_Pan_And_Brush_1_ct,0.331,Plastic,https://app.ignitionrobotics.org/GoogleResearch/fuel/models/Ocedar_Snap_On_Dust_Pan_And_Brush_1_ct
101,AllergenFree_JarroDophilus,0.096,Polycarbonate,https://app.ignitionrobotics.org/GoogleResearch/fuel/models/AllergenFree_JarroDophilus
102,Blackcurrant_Lutein,0.097,Polycarbonate,https://app.ignitionrobotics.org/GoogleResearch/fuel/models/Blackcurrant_Lutein
103,Bifidus_Balance_FOS,0.096,Polycarbonate,https://app.ignitionrobotics.org/GoogleResearch/fuel/models/Bifidus_Balance_FOS
104,Borage_GLA240Gamma_Tocopherol,0.111,Polycarbonate,https://app.ignitionrobotics.org/GoogleResearch/fuel/models/Borage_GLA240Gamma_Tocopherol
105,Creatine_Monohydrate,0.18,Polycarbonate,https://app.ignitionrobotics.org/GoogleResearch/fuel/models/Creatine_Monohydrate
106,Xyli_Pure_Xylitol,0.147,Polycarbonate,https://app.ignitionrobotics.org/GoogleResearch/fuel/models/Xyli_Pure_Xylitol
107,Womens_Multi_13,0.113,Polycarbonate,https://app.ignitionrobotics.org/GoogleResearch/fuel/models/Womens_Multi_13
108,Whey_Protein_Vanilla,0.169,Polycarbonate,https://app.ignitionrobotics.org/GoogleResearch/fuel/models/Whey_Protein_Vanilla
109,Theanine,0.097,Polycarbonate,https://app.ignitionrobotics.org/GoogleResearch/fuel/models/Theanine
110,Saccharomyces_Boulardii_MOS_Value_Size,0.135,Polycarbonate,https://app.ignitionrobotics.org/GoogleResearch/fuel/models/Saccharomyces_Boulardii_MOS_Value_Size
111,Quercetin_500,0.144,Polycarbonate,https://app.ignitionrobotics.org/GoogleResearch/fuel/models/Quercetin_500
112,QHPomegranate,0.098,Polycarbonate,https://app.ignitionrobotics.org/GoogleResearch/fuel/models/QHPomegranate
113,QAbsorb_CoQ10_53iUqjWjW3O,0.099,Polycarbonate,https://app.ignitionrobotics.org/GoogleResearch/fuel/models/QAbsorb_CoQ10_53iUqjWjW3O
114,QAbsorb_CoQ10,0.099,Polycarbonate,https://app.ignitionrobotics.org/GoogleResearch/fuel/models/QAbsorb_CoQ10
115,Prostate_Optimizer,0.11,Polycarbonate,https://app.ignitionrobotics.org/GoogleResearch/fuel/models/Prostate_Optimizer
116,PhosphOmega,0.112,Polycarbonate,https://app.ignitionrobotics.org/GoogleResearch/fuel/models/PhosphOmega
117,Pet_Dophilus_powder,0.102,Polycarbonate,https://app.ignitionrobotics.org/GoogleResearch/fuel/models/Pet_Dophilus_powder
118,Organic_Whey_Protein_Vanilla,0.17,Polycarbonate,https://app.ignitionrobotics.org/GoogleResearch/fuel/models/Organic_Whey_Protein_Vanilla
119,Organic_Whey_Protein_Unflavored,0.169,Polycarbonate,https://app.ignitionrobotics.org/GoogleResearch/fuel/models/Organic_Whey_Protein_Unflavored
120,NattoMax,0.089,Polycarbonate,https://app.ignitionrobotics.org/GoogleResearch/fuel/models/NattoMax
121,Mastic_Gum,0.097,Polycarbonate,https://app.ignitionrobotics.org/GoogleResearch/fuel/models/Mastic_Gum
122,MK7,0.084,Polycarbonate,https://app.ignitionrobotics.org/GoogleResearch/fuel/models/MK7
123,Lutein,0.097,Polycarbonate,https://app.ignitionrobotics.org/GoogleResearch/fuel/models/Lutein
124,Lactoferrin,0.1,Polycarbonate,https://app.ignitionrobotics.org/GoogleResearch/fuel/models/Lactoferrin
125,Krill_Oil,0.098,Polycarbonate,https://app.ignitionrobotics.org/GoogleResearch/fuel/models/Krill_Oil
126,Jarrow_Glucosamine_Chondroitin_Combination_120_Caps,0.116,Polycarbonate,https://app.ignitionrobotics.org/GoogleResearch/fuel/models/Jarrow_Glucosamine_Chondroitin_Combination_120_Caps
127,Jarrow_Formulas_Glucosamine_Hci_Mega_1000_100_ct,0.11,Polycarbonate,https://app.ignitionrobotics.org/GoogleResearch/fuel/models/Jarrow_Formulas_Glucosamine_Hci_Mega_1000_100_ct
128,JarroDophilusFOS_Value_Size,0.128,Polycarbonate,https://app.ignitionrobotics.org/GoogleResearch/fuel/models/JarroDophilusFOS_Value_Size
129,IsoRich_Soy,0.169,Polycarbonate,https://app.ignitionrobotics.org/GoogleResearch/fuel/models/IsoRich_Soy
130,Inositol,0.11,Polycarbonate,https://app.ignitionrobotics.org/GoogleResearch/fuel/models/Inositol
131,Hyaluronic_Acid,0.098,Polycarbonate,https://app.ignitionrobotics.org/GoogleResearch/fuel/models/Hyaluronic_Acid
132,Germanium_GE132,0.077,Polycarbonate,https://app.ignitionrobotics.org/GoogleResearch/fuel/models/Germanium_GE132
133,Folic_Acid,0.084,Polycarbonate,https://app.ignitionrobotics.org/GoogleResearch/fuel/models/Folic_Acid
134,DIM_CDG,0.084,Polycarbonate,https://app.ignitionrobotics.org/GoogleResearch/fuel/models/DIM_CDG
135,CoQ10_wSSVoxVppVD,0.084,Polycarbonate,https://app.ignitionrobotics.org/GoogleResearch/fuel/models/CoQ10_wSSVoxVppVD
136,CoQ10_BjTLbuRVt1t,0.084,Polycarbonate,https://app.ignitionrobotics.org/GoogleResearch/fuel/models/CoQ10_BjTLbuRVt1t
137,CoQ10,0.084,Polycarbonate,https://app.ignitionrobotics.org/GoogleResearch/fuel/models/CoQ10
138,Beta_Glucan,0.098,Polycarbonate,https://app.ignitionrobotics.org/GoogleResearch/fuel/models/Beta_Glucan
139,Android_Figure_Panda,0.076,Polycarbonate,https://app.ignitionrobotics.org/GoogleResearch/fuel/models/Android_Figure_Panda
140,Nescafe_Tasters_Choice_Instant_Coffee_Decaf_House_Blend_Light_7_oz,0.186,Polycarbonate,https://app.ignitionrobotics.org/GoogleResearch/fuel/models/Nescafe_Tasters_Choice_Instant_Coffee_Decaf_House_Blend_Light_7_oz
141,Twinlab_Premium_Creatine_Fuel_Powder,0.113,Polycarbonate,https://app.ignitionrobotics.org/GoogleResearch/fuel/models/Twinlab_Premium_Creatine_Fuel_Powder
142,Twinlab_Nitric_Fuel,0.113,Polycarbonate,https://app.ignitionrobotics.org/GoogleResearch/fuel/models/Twinlab_Nitric_Fuel
143,Twinlab_100_Whey_Protein_Fuel_Vanilla,0.26,Polycarbonate,https://app.ignitionrobotics.org/GoogleResearch/fuel/models/Twinlab_100_Whey_Protein_Fuel_Vanilla
144,Twinlab_100_Whey_Protein_Fuel_Cookies_and_Cream,0.26,Polycarbonate,https://app.ignitionrobotics.org/GoogleResearch/fuel/models/Twinlab_100_Whey_Protein_Fuel_Cookies_and_Cream
145,Twinlab_100_Whey_Protein_Fuel_Chocolate,0.26,Polycarbonate,https://app.ignitionrobotics.org/GoogleResearch/fuel/models/Twinlab_100_Whey_Protein_Fuel_Chocolate
146,B078JH73F4,0.225552,Ceramic,https://amazon.com/dp/B078JH73F4
147,B078JMJC49,0.3048,Ceramic,https://amazon.com/dp/B078JMJC49
148,B078JGRLCJ,0.1524,Ceramic,https://amazon.com/dp/B078JGRLCJ
149,B078JJHJFX,0.30988,Ceramic,https://amazon.com/dp/B078JJHJFX
150,B0842H4YG1,0.26035,Ceramic,https://amazon.com/dp/B0842H4YG1
151,B083YFL9K1,0.17018,Ceramic,https://amazon.com/dp/B083YFL9K1
152,B0842HBF31,0.26035,Ceramic,https://amazon.com/dp/B0842HBF31
153,B07CF7B5S2,0.3556,Ceramic,https://amazon.com/dp/B07CF7B5S2
154,B07MF1TQZ2,0.4064,Ceramic,https://amazon.com/dp/B07MF1TQZ2
155,B078JJDPR2,0.1778,Ceramic,https://amazon.com/dp/B078JJDPR2
156,B083YFKSJ2,0.12446,Ceramic,https://amazon.com/dp/B083YFKSJ2
157,B083YFP9C2,0.12446,Ceramic,https://amazon.com/dp/B083YFP9C2
158,B07MBFDJT2,0.4064,Ceramic,https://amazon.com/dp/B07MBFDJT2
159,B078JGHZT3,0.187452,Ceramic,https://amazon.com/dp/B078JGHZT3
160,B075HWK9M3,0.127,Ceramic,https://amazon.com/dp/B075HWK9M3
161,B083YG3JN3,0.17018,Ceramic,https://amazon.com/dp/B083YG3JN3
162,B07M6PKCM3,0.40005,Ceramic,https://amazon.com/dp/B07M6PKCM3
163,B07CF75N65,0.4318,Ceramic,https://amazon.com/dp/B07CF75N65
164,B07MF1SRH5,0.40005,Ceramic,https://amazon.com/dp/B07MF1SRH5
165,B083YFL9J5,0.17018,Ceramic,https://amazon.com/dp/B083YFL9J5
166,B0842H3TP6,0.26035,Ceramic,https://amazon.com/dp/B0842H3TP6
167,B0842HCSF6,0.19304,Ceramic,https://amazon.com/dp/B0842HCSF6
168,B07BZR1KV6,0.479425,Ceramic,https://amazon.com/dp/B07BZR1KV6
169,B083YFL4D7,0.17018,Ceramic,https://amazon.com/dp/B083YFL4D7
170,B07BZB3HN7,0.3556,Ceramic,https://amazon.com/dp/B07BZB3HN7
171,B07CBP4FG7,0.4318,Ceramic,https://amazon.com/dp/B07CBP4FG7
172,B075HX5PQ7,0.263652,Ceramic,https://amazon.com/dp/B075HX5PQ7
173,B0842H26R8,0.127,Ceramic,https://amazon.com/dp/B0842H26R8
174,B07B8PXQ49,0.1016,Ceramic,https://amazon.com/dp/B07B8PXQ49
175,B07CBNZ6R9,0.479425,Ceramic,https://amazon.com/dp/B07CBNZ6R9
176,B075HWTX99,0.22225,Ceramic,https://amazon.com/dp/B075HWTX99
177,B083YFL9JB,0.20828,Ceramic,https://amazon.com/dp/B083YFL9JB
178,B075HXQJYB,0.263652,Ceramic,https://amazon.com/dp/B075HXQJYB
179,B07QB748ZB,0.4318,Ceramic,https://amazon.com/dp/B07QB748ZB
180,B07BZR1KWC,0.26035,Ceramic,https://amazon.com/dp/B07BZR1KWC
181,B075HX7JFC,0.26035,Ceramic,https://amazon.com/dp/B075HX7JFC
182,B075HWMCDD,0.1778,Ceramic,https://amazon.com/dp/B075HWMCDD
183,B075HWMCDF,0.22225,Ceramic,https://amazon.com/dp/B075HWMCDF
184,B075HR7LFF,0.28575,Ceramic,https://amazon.com/dp/B075HR7LFF
185,B0842H7CKG,0.19304,Ceramic,https://amazon.com/dp/B0842H7CKG
186,B083YG3JMG,0.17018,Ceramic,https://amazon.com/dp/B083YG3JMG
187,B0842H1DNH,0.127,Ceramic,https://amazon.com/dp/B0842H1DNH
188,B07BZB3HMH,0.4318,Ceramic,https://amazon.com/dp/B07BZB3HMH
189,B083YFP9DH,0.12446,Ceramic,https://amazon.com/dp/B083YFP9DH
190,B0842GQ5WJ,0.127,Ceramic,https://amazon.com/dp/B0842GQ5WJ
191,B07CBP6GYJ,0.3556,Ceramic,https://amazon.com/dp/B07CBP6GYJ
192,B07MF1RP2K,0.4064,Ceramic,https://amazon.com/dp/B07MF1RP2K
193,B075HWR58K,0.479425,Ceramic,https://amazon.com/dp/B075HWR58K
194,B07MHMSDPL,0.40005,Ceramic,https://amazon.com/dp/B07MHMSDPL
195,B075HXLWRM,0.1651,Ceramic,https://amazon.com/dp/B075HXLWRM
196,B083YFQPPM,0.12446,Ceramic,https://amazon.com/dp/B083YFQPPM
197,B083YFR99M,0.12446,Ceramic,https://amazon.com/dp/B083YFR99M
198,B07MF1RKQN,0.40005,Ceramic,https://amazon.com/dp/B07MF1RKQN
199,B07BZR1KVN,0.479425,Ceramic,https://amazon.com/dp/B07BZR1KVN
200,B075HWDTHP,0.193802,Ceramic,https://amazon.com/dp/B075HWDTHP
201,B07MHMJD1P,0.40005,Ceramic,https://amazon.com/dp/B07MHMJD1P
202,B075HR7KYQ,0.1905,Ceramic,https://amazon.com/dp/B075HR7KYQ
203,B075HXQJTQ,0.3556,Ceramic,https://amazon.com/dp/B075HXQJTQ
204,B083YFQPNQ,0.20828,Ceramic,https://amazon.com/dp/B083YFQPNQ
205,B075HR7KVR,0.365252,Ceramic,https://amazon.com/dp/B075HR7KVR
206,B083YFS2FR,0.17018,Ceramic,https://amazon.com/dp/B083YFS2FR
207,B07MHM99CR,0.40005,Ceramic,https://amazon.com/dp/B07MHM99CR
208,B07MF1TQYR,0.40005,Ceramic,https://amazon.com/dp/B07MF1TQYR
209,B07MHMGPRS,0.40005,Ceramic,https://amazon.com/dp/B07MHMGPRS
210,B075HX7JHS,0.1905,Ceramic,https://amazon.com/dp/B075HX7JHS
211,B07CBP6GZT,0.193675,Ceramic,https://amazon.com/dp/B07CBP6GZT
212,B075HX9TCW,0.1778,Ceramic,https://amazon.com/dp/B075HX9TCW
213,B083YFSKFW,0.12446,Ceramic,https://amazon.com/dp/B083YFSKFW
214,B083YFPZ7X,0.20828,Ceramic,https://amazon.com/dp/B083YFPZ7X
215,B0842GZD8X,0.19304,Ceramic,https://amazon.com/dp/B0842GZD8X
216,B07MBFDHRY,0.4064,Ceramic,https://amazon.com/dp/B07MBFDHRY
217,B083YFSQ1Y,0.20828,Ceramic,https://amazon.com/dp/B083YFSQ1Y
218,B075HX9T8Y,0.4318,Ceramic,https://amazon.com/dp/B075HX9T8Y
219,B083YF78RY,0.12446,Ceramic,https://amazon.com/dp/B083YF78RY
220,B075HXLWS3,0.19558,Ceramic,https://amazon.com/dp/B075HXLWS3
221,B075HXLWSB,0.19558,Ceramic,https://amazon.com/dp/B075HXLWSB
222,B075HXQJYC,0.19685,Ceramic,https://amazon.com/dp/B075HXQJYC
223,B075HWDSFH,0.1905,Ceramic,https://amazon.com/dp/B075HWDSFH
224,B075HXQJYH,0.1905,Ceramic,https://amazon.com/dp/B075HXQJYH
225,B075HXLWRL,0.19685,Ceramic,https://amazon.com/dp/B075HXLWRL
226,B075HXSW3N,0.1778,Ceramic,https://amazon.com/dp/B075HXSW3N
227,B075HXLWRN,0.1651,Ceramic,https://amazon.com/dp/B075HXLWRN
228,B075HXBYCT,0.1778,Ceramic,https://amazon.com/dp/B075HXBYCT
229,B075HWDSC6,0.2794,Ceramic,https://amazon.com/dp/B075HWDSC6
230,B0842LDVT7,0.23495,Ceramic,https://amazon.com/dp/B0842LDVT7
231,B0842L5DZ8,0.20066,Ceramic,https://amazon.com/dp/B0842L5DZ8
232,B0842LM2DK,0.20066,Ceramic,https://amazon.com/dp/B0842LM2DK
233,B0842LM2DN,0.23495,Ceramic,https://amazon.com/dp/B0842LM2DN
234,B075HWX46N,0.282702,Ceramic,https://amazon.com/dp/B075HWX46N
235,B0842LQJYQ,0.20066,Ceramic,https://amazon.com/dp/B0842LQJYQ
236,B0842LL84Z,0.23495,Ceramic,https://amazon.com/dp/B0842LL84Z
237,B075HWDTHZ,0.2286,Ceramic,https://amazon.com/dp/B075HWDTHZ
238,B078JFFX4L,0.168402,Ceramic,https://amazon.com/dp/B078JFFX4L
239,B073WHKXD4,0.762,Glass,https://amazon.com/dp/B073WHKXD4
240,B071NHTQ26,0.508,Glass,https://amazon.com/dp/B071NHTQ26
241,B071KX4RX7,2.032,Glass,https://amazon.com/dp/B071KX4RX7
242,B073WHZKBK,0.762,Glass,https://amazon.com/dp/B073WHZKBK
243,B071YPWDKL,2.032,Glass,https://amazon.com/dp/B071YPWDKL
244,B071V8DQVQ,0.6096,Glass,https://amazon.com/dp/B071V8DQVQ
245,B084HV7BC3,0.9906,Glass,https://amazon.com/dp/B084HV7BC3
246,B073WH7PZ7,0.8128,Glass,https://amazon.com/dp/B073WH7PZ7
247,B073WGMTB8,0.46355,Glass,https://amazon.com/dp/B073WGMTB8
248,B0718ZKL8B,2.032,Glass,https://amazon.com/dp/B0718ZKL8B
249,B084HVB14C,0.67945,Glass,https://amazon.com/dp/B084HVB14C
250,B084HTY39G,0.67945,Glass,https://amazon.com/dp/B084HTY39G
251,B071KX42WG,0.9144,Glass,https://amazon.com/dp/B071KX42WG
252,B084HV6L1H,0.5842,Glass,https://amazon.com/dp/B084HV6L1H
253,B07B8NBQWM,0.62738,Glass,https://amazon.com/dp/B07B8NBQWM
254,B073WH17GT,0.41275,Glass,https://amazon.com/dp/B073WH17GT
255,B07B92C9WT,1.0668,Glass,https://amazon.com/dp/B07B92C9WT
256,B073WGGXFT,0.81915,Glass,https://amazon.com/dp/B073WGGXFT
257,B073WHZK9W,0.6096,Glass,https://amazon.com/dp/B073WHZK9W
258,B07DBJ7P12,0.358902,Glass,https://amazon.com/dp/B07DBJ7P12
259,B07DBHKFZP,0.358902,Glass,https://amazon.com/dp/B07DBHKFZP
260,B07HKCRWSY,0.380238,Glass,https://amazon.com/dp/B07HKCRWSY
261,B0828FB1G7,0.3302,Glass,https://amazon.com/dp/B0828FB1G7
262,B0828F62FS,0.279908,Glass,https://amazon.com/dp/B0828F62FS
263,B07GFS1V51,1.1,Wood,https://amazon.co.uk/dp/B07GFS1V51
264,B01M642Q91,1.0,Wood,https://amazon.co.uk/dp/B01M642Q91
265,B07RMZ8B11,1.4,Wood,https://amazon.co.uk/dp/B07RMZ8B11
266,B07GFRKNR1,1.8,Wood,https://amazon.co.uk/dp/B07GFRKNR1
267,B01DJH73X2,0.73,Wood,https://amazon.co.uk/dp/B01DJH73X2
268,B0154WJZH2,1.45,Wood,https://amazon.co.uk/dp/B0154WJZH2
269,B075YNL7R3,0.9398,Wood,https://amazon.com/dp/B075YNL7R3
270,B07RMYJYM3,0.47,Wood,https://amazon.co.uk/dp/B07RMYJYM3
271,B07M7NSYC4,1.0668,Wood,https://amazon.com/dp/B07M7NSYC4
272,B07DMLG8Y4,1.524,Wood,https://amazon.com/dp/B07DMLG8Y4
273,B07GFWLSS4,0.9,Wood,https://amazon.co.uk/dp/B07GFWLSS4
274,B07GFRWK15,1.59,Wood,https://amazon.co.uk/dp/B07GFRWK15
275,B07GFL6RF5,1.1,Wood,https://amazon.co.uk/dp/B07GFL6RF5
276,B07S6XKT45,0.67,Wood,https://amazon.co.uk/dp/B07S6XKT45
277,B07B7JY9C5,0.508,Wood,https://amazon.com/dp/B07B7JY9C5
278,B07L85XV75,1.09474,Wood,https://amazon.com/dp/B07L85XV75
279,B07H376LF5,0.8255,Wood,https://amazon.com/dp/B07H376LF5
280,B01DJH73Y6,0.73,Wood,https://amazon.co.uk/dp/B01DJH73Y6
281,B07DBDSGD6,1.2192,Wood,https://amazon.com/dp/B07DBDSGD6
282,B07DMGM9T6,0.87884,Wood,https://amazon.com/dp/B07DMGM9T6
283,B07RMJPJM6,1.4,Wood,https://amazon.co.uk/dp/B07RMJPJM6
284,B07GFS1VB6,1.97,Wood,https://amazon.co.uk/dp/B07GFS1VB6
285,B07GFT7H76,1.1,Wood,https://amazon.com.au/dp/B07GFT7H76
286,B07GFS1WH7,1.28,Wood,https://amazon.co.uk/dp/B07GFS1WH7
287,B07K8F58D7,0.95885,Wood,https://amazon.com/dp/B07K8F58D7
288,B07MQF8SG7,1.0668,Wood,https://amazon.com/dp/B07MQF8SG7
289,B07GFG6JN7,1.0,Wood,https://amazon.co.uk/dp/B07GFG6JN7
290,B073P1GB67,0.508,Wood,https://amazon.com/dp/B073P1GB67
291,B082YNV6F7,1.38,Wood,https://amazon.co.uk/dp/B082YNV6F7
292,B07GFWW3S8,1.97,Wood,https://amazon.co.uk/dp/B07GFWW3S8
293,B084S6PZT8,1.7,Wood,https://amazon.de/dp/B084S6PZT8
294,B07GFL6W68,1.6,Wood,https://amazon.co.uk/dp/B07GFL6W68
295,B07FYHGL58,0.8255,Wood,https://amazon.com/dp/B07FYHGL58
296,B07V152DQ8,0.414,Wood,https://amazon.co.uk/dp/B07V152DQ8
297,B07S37JTS9,1.4,Wood,https://amazon.co.uk/dp/B07S37JTS9
298,B07B7BJK89,1.524,Wood,https://amazon.com/dp/B07B7BJK89
299,B073P6TCQ9,1.016,Wood,https://amazon.com/dp/B073P6TCQ9
300,B07DMJRQQ9,1.143,Wood,https://amazon.com/dp/B07DMJRQQ9
301,B07GFS1R5B,1.91,Wood,https://amazon.co.uk/dp/B07GFS1R5B
302,B07JGPKSBB,1.54,Wood,https://amazon.co.uk/dp/B07JGPKSBB
303,B07JG45F5B,1.6,Wood,https://amazon.co.uk/dp/B07JG45F5B
304,B07GP49H7B,0.83185,Wood,https://amazon.com/dp/B07GP49H7B
305,B07TZ9BGPC,0.414,Wood,https://amazon.co.uk/dp/B07TZ9BGPC
306,B079HYXWPC,1.0,Wood,https://amazon.co.uk/dp/B079HYXWPC
307,B07MJL4ZMC,1.0668,Wood,https://amazon.com/dp/B07MJL4ZMC
308,B07GFFR1SC,1.4,Wood,https://amazon.co.uk/dp/B07GFFR1SC
309,B07MJL3LWD,1.0668,Wood,https://amazon.com/dp/B07MJL3LWD
310,B07S4CDHRD,0.815,Wood,https://amazon.co.uk/dp/B07S4CDHRD
311,B075QMHYVD,0.6096,Wood,https://amazon.com/dp/B075QMHYVD
312,B07JFGPVZD,1.8,Wood,https://amazon.co.uk/dp/B07JFGPVZD
313,B07K89Y3MD,1.01092,Wood,https://amazon.com/dp/B07K89Y3MD
314,B07DMHTGJD,1.6002,Wood,https://amazon.com/dp/B07DMHTGJD
315,B07GP6DMDF,1.0668,Wood,https://amazon.com/dp/B07GP6DMDF
316,B07H8SSY4F,1.65,Wood,https://amazon.co.uk/dp/B07H8SSY4F
317,B07GFRY6WF,2.0,Wood,https://amazon.co.uk/dp/B07GFRY6WF
318,B07MFYTSDF,1.0668,Wood,https://amazon.com/dp/B07MFYTSDF
319,B07H8SZNZF,1.6,Wood,https://amazon.co.uk/dp/B07H8SZNZF
320,B07TSTJM5G,0.594,Wood,https://amazon.co.uk/dp/B07TSTJM5G
321,B07B4SC7DG,1.28905,Wood,https://amazon.com/dp/B07B4SC7DG
322,B07847Y5BG,1.28,Wood,https://amazon.co.uk/dp/B07847Y5BG
323,B077HZ23BG,1.28,Wood,https://amazon.co.uk/dp/B077HZ23BG
324,B07GFFPKBG,1.6,Wood,https://amazon.co.uk/dp/B07GFFPKBG
325,B01M5BDH0H,1.0,Wood,https://amazon.co.uk/dp/B01M5BDH0H
326,B07L48L3BH,0.9144,Wood,https://amazon.com/dp/B07L48L3BH
327,B07H8V7P3H,1.96,Wood,https://amazon.co.uk/dp/B07H8V7P3H
328,B07DMJQM3H,0.76962,Wood,https://amazon.com/dp/B07DMJQM3H
329,B07RNZC4TJ,0.5,Wood,https://amazon.co.uk/dp/B07RNZC4TJ
330,B07DMB75TJ,1.82626,Wood,https://amazon.com/dp/B07DMB75TJ
331,B07HSM6C1J,0.59944,Wood,https://amazon.com/dp/B07HSM6C1J
332,B07GFQ4D3J,1.1,Wood,https://amazon.co.uk/dp/B07GFQ4D3J
333,B075ZBW22K,1.89992,Wood,https://amazon.com/dp/B075ZBW22K
334,B01LYEG73K,1.6,Wood,https://amazon.co.uk/dp/B01LYEG73K
335,B075Z96KQL,1.3843,Wood,https://amazon.com/dp/B075Z96KQL
336,B07S5WD31L,1.4,Wood,https://amazon.fr/dp/B07S5WD31L
337,B07GFDXXDL,1.4,Wood,https://amazon.co.uk/dp/B07GFDXXDL
338,B07H8K1FDM,1.11,Wood,https://amazon.co.uk/dp/B07H8K1FDM
339,B07GFWF2GM,1.1,Wood,https://amazon.co.uk/dp/B07GFWF2GM
340,B07GFLG5MM,1.63,Wood,https://amazon.co.uk/dp/B07GFLG5MM
341,B01DJH742M,0.73,Wood,https://amazon.co.uk/dp/B01DJH742M
342,B084MYDTKM,0.5588,Wood,https://amazon.com/dp/B084MYDTKM
343,B07GFG6JMM,1.1,Wood,https://amazon.co.uk/dp/B07GFG6JMM
344,B07TX2D4XN,0.592,Wood,https://amazon.co.uk/dp/B07TX2D4XN
345,B07GFRCLMN,1.1,Wood,https://amazon.co.uk/dp/B07GFRCLMN
346,B084T9X9NN,1.016,Wood,https://amazon.com/dp/B084T9X9NN
347,B07GFL6W6N,1.6,Wood,https://amazon.co.uk/dp/B07GFL6W6N
348,B07GFT639N,1.1,Wood,https://amazon.co.uk/dp/B07GFT639N
349,B07B7DL32P,1.5748,Wood,https://amazon.com/dp/B07B7DL32P
350,B07TVYR62P,1.166,Wood,https://amazon.co.uk/dp/B07TVYR62P
351,B07GFLD8VP,0.9,Wood,https://amazon.co.uk/dp/B07GFLD8VP
352,B07B3XXD3P,1.78,Wood,https://amazon.co.uk/dp/B07B3XXD3P
353,B07H319HYP,0.8255,Wood,https://amazon.com/dp/B07H319HYP
354,B07GFFQZRQ,0.9,Wood,https://amazon.co.uk/dp/B07GFFQZRQ
355,B082JH42QQ,0.57912,Wood,https://amazon.com/dp/B082JH42QQ
356,B07GFLD22Q,1.28,Wood,https://amazon.co.uk/dp/B07GFLD22Q
357,B082JGPBLQ,0.57912,Wood,https://amazon.com/dp/B082JGPBLQ
358,B07B4W2FKR,1.524,Wood,https://amazon.com/dp/B07B4W2FKR
359,B01MDM0UWS,1.0,Wood,https://amazon.co.uk/dp/B01MDM0UWS
360,B01LWRYSFS,2.0,Wood,https://amazon.co.uk/dp/B01LWRYSFS
361,B07GFDZWMS,1.28,Wood,https://amazon.co.uk/dp/B07GFDZWMS
362,B07GFFKRXS,1.0,Wood,https://amazon.co.uk/dp/B07GFFKRXS
363,B07H8P1N9T,1.39,Wood,https://amazon.co.uk/dp/B07H8P1N9T
364,B07GFSJ69T,1.97,Wood,https://amazon.co.uk/dp/B07GFSJ69T
365,B07DBB76JV,1.2192,Wood,https://amazon.com/dp/B07DBB76JV
366,B07GG2Q6JV,1.4,Wood,https://amazon.co.uk/dp/B07GG2Q6JV
367,B07GZY7JFV,0.8255,Wood,https://amazon.com/dp/B07GZY7JFV
368,B07GFFPKFV,1.8,Wood,https://amazon.co.uk/dp/B07GFFPKFV
369,B07RPZSM4W,0.53,Wood,https://amazon.co.uk/dp/B07RPZSM4W
370,B07HJ27HHW,0.84328,Wood,https://amazon.com/dp/B07HJ27HHW
371,B07HSBJ7FW,0.89916,Wood,https://amazon.com/dp/B07HSBJ7FW
372,B077PR596W,1.28,Wood,https://amazon.co.uk/dp/B077PR596W
373,B07GFS1R7X,1.28,Wood,https://amazon.co.uk/dp/B07GFS1R7X
374,B07GG2X2MX,1.63,Wood,https://amazon.co.uk/dp/B07GG2X2MX
375,B07D42T6CX,0.45,Wood,https://amazon.co.uk/dp/B07D42T6CX
376,B07GFWF2CX,0.47,Wood,https://amazon.co.uk/dp/B07GFWF2CX
377,B082YNHQLX,1.39,Wood,https://amazon.co.uk/dp/B082YNHQLX
378,B07DMHP1ZY,0.60452,Wood,https://amazon.com/dp/B07DMHP1ZY
379,B07RMYYLWY,1.1,Wood,https://amazon.co.uk/dp/B07RMYYLWY
380,B07GFG117Y,0.47,Wood,https://amazon.co.uk/dp/B07GFG117Y
381,B07GFS1WDY,1.8,Wood,https://amazon.co.uk/dp/B07GFS1WDY
382,B075YZPG5Y,1.24968,Wood,https://amazon.com/dp/B075YZPG5Y
383,B079YW5F4Y,1.1,Wood,https://amazon.co.uk/dp/B079YW5F4Y
384,B07RMZ83ZY,0.46,Wood,https://amazon.co.uk/dp/B07RMZ83ZY
385,B07GFRCZWY,1.1,Wood,https://amazon.co.uk/dp/B07GFRCZWY
386,B07GFRP9RY,0.83,Wood,https://amazon.co.uk/dp/B07GFRP9RY
387,B07GFWW5JZ,1.6,Wood,https://amazon.co.uk/dp/B07GFWW5JZ
388,B01NCOR0VZ,1.0,Wood,https://amazon.co.uk/dp/B01NCOR0VZ
389,B07TZ9BMJZ,0.879,Wood,https://amazon.co.uk/dp/B07TZ9BMJZ
390,B07DYV7WNN,1.05918,Wood,https://amazon.com/dp/B07DYV7WNN
391,B073P5V2LX,0.508,Wood,https://amazon.com/dp/B073P5V2LX
392,B079Z9DJSY,0.93,Wood,https://amazon.co.uk/dp/B079Z9DJSY
393,B07B8VJQG1,0.4572,Wood,https://amazon.com/dp/B07B8VJQG1
394,B07DB95XL1,0.9398,Wood,https://amazon.com/dp/B07DB95XL1
395,B07MNBYN11,0.8636,Wood,https://amazon.com/dp/B07MNBYN11
396,B07DBDWZ61,1.1176,Wood,https://amazon.com/dp/B07DBDWZ61
397,B075ZF4SF1,1.80086,Wood,https://amazon.com/dp/B075ZF4SF1
398,B07MGL8651,0.8636,Wood,https://amazon.com/dp/B07MGL8651
399,B07DBG66R1,0.5588,Wood,https://amazon.com/dp/B07DBG66R1
400,B07DBFQFF2,1.3716,Wood,https://amazon.com/dp/B07DBFQFF2
401,B07L492JD2,0.87884,Wood,https://amazon.com/dp/B07L492JD2
402,B07B7B94L2,1.3716,Wood,https://amazon.com/dp/B07B7B94L2
403,B075Z8THZ2,0.6096,Wood,https://amazon.com/dp/B075Z8THZ2
404,B07PPNNCM2,1.779778,Wood,https://amazon.com/dp/B07PPNNCM2
405,B07B8PXSD2,0.6096,Wood,https://amazon.com/dp/B07B8PXSD2
406,B07B7J5BC2,1.5748,Wood,https://amazon.com/dp/B07B7J5BC2
407,B075Z96L53,0.6985,Wood,https://amazon.com/dp/B075Z96L53
408,B07B87J7L3,1.7272,Wood,https://amazon.com/dp/B07B87J7L3
409,B07F3XM8M3,0.9144,Wood,https://amazon.com/dp/B07F3XM8M3
410,B07B78G443,2.286,Wood,https://amazon.com/dp/B07B78G443
411,B07DMJN8H3,0.90932,Wood,https://amazon.com/dp/B07DMJN8H3
412,B07J29N3R4,1.016,Wood,https://amazon.com/dp/B07J29N3R4
413,B07B7DKRW4,1.143,Wood,https://amazon.com/dp/B07B7DKRW4
414,B075YZ16V4,0.6096,Wood,https://amazon.com/dp/B075YZ16V4
415,B07GSPVLZ4,0.87884,Wood,https://amazon.com/dp/B07GSPVLZ4
416,B0725Z23G4,1.524,Wood,https://amazon.com/dp/B0725Z23G4
417,B07MBFDL34,0.9652,Wood,https://amazon.com/dp/B07MBFDL34
418,B075Z7HQK5,1.0668,Wood,https://amazon.com/dp/B075Z7HQK5
419,B073P52NB5,0.508,Wood,https://amazon.com/dp/B073P52NB5
420,B07B78RCT5,1.4224,Wood,https://amazon.com/dp/B07B78RCT5
421,B07B85FJD5,1.4478,Wood,https://amazon.com/dp/B07B85FJD5
422,B07B4YXRQ6,1.397,Wood,https://amazon.com/dp/B07B4YXRQ6
423,B07P9BC146,1.67132,Wood,https://amazon.com/dp/B07P9BC146
424,B07B7BX336,1.6002,Wood,https://amazon.com/dp/B07B7BX336
425,B07DBHF136,1.3716,Wood,https://amazon.com/dp/B07DBHF136
426,B07H2BZR16,0.61214,Wood,https://amazon.com/dp/B07H2BZR16
427,B07B7DMPX7,1.50114,Wood,https://amazon.com/dp/B07B7DMPX7
428,B07MBFF1M7,1.016,Wood,https://amazon.com/dp/B07MBFF1M7
429,B075Z8KXW7,1.39954,Wood,https://amazon.com/dp/B075Z8KXW7
430,B07B4W5RF7,0.9144,Wood,https://amazon.com/dp/B07B4W5RF7
431,B07PMK78R8,1.779778,Wood,https://amazon.com/dp/B07PMK78R8
432,B07B78G4Q8,1.8288,Wood,https://amazon.com/dp/B07B78G4Q8
433,B075Z93NK8,1.8034,Wood,https://amazon.com/dp/B075Z93NK8
434,B07F49VHB8,1.3335,Wood,https://amazon.com/dp/B07F49VHB8
435,B07PYT7NZ9,0.9017,Wood,https://amazon.com/dp/B07PYT7NZ9
436,B07B7BGXN9,2.032,Wood,https://amazon.com/dp/B07B7BGXN9
437,B075ZF4S39,1.8796,Wood,https://amazon.com/dp/B075ZF4S39
438,B07DB92J69,1.3335,Wood,https://amazon.com/dp/B07DB92J69
439,B07H2J7689,0.6604,Wood,https://amazon.com/dp/B07H2J7689
440,B07B7GYMQ9,1.8796,Wood,https://amazon.com/dp/B07B7GYMQ9
441,B07B4ZPH19,0.635,Wood,https://amazon.com/dp/B07B4ZPH19
442,B07ZVMQ9B9,0.9398,Wood,https://amazon.com/dp/B07ZVMQ9B9
443,B07DBFM8VB,1.09855,Wood,https://amazon.com/dp/B07DBFM8VB
444,B07HPMBN4B,0.300228,Wood,https://amazon.com/dp/B07HPMBN4B
445,B075ZBVZPB,1.27,Wood,https://amazon.com/dp/B075ZBVZPB
446,B075ZCLPKB,1.2954,Wood,https://amazon.com/dp/B075ZCLPKB
447,B07DBDX5ZB,0.5588,Wood,https://amazon.com/dp/B07DBDX5ZB
448,B075ZDWPHC,1.00076,Wood,https://amazon.com/dp/B075ZDWPHC
449,B07B8MSPDC,0.3937,Wood,https://amazon.com/dp/B07B8MSPDC
450,B075YV7SKC,1.0668,Wood,https://amazon.com/dp/B075YV7SKC
451,B07B78LZQC,1.0668,Wood,https://amazon.com/dp/B07B78LZQC
452,B07B4VXZZC,1.0668,Wood,https://amazon.com/dp/B07B4VXZZC
453,B07ML7J5HC,0.9652,Wood,https://amazon.com/dp/B07ML7J5HC
454,B07MF1SFNC,0.9652,Wood,https://amazon.com/dp/B07MF1SFNC
455,B07B7B94NC,0.7366,Wood,https://amazon.com/dp/B07B7B94NC
456,B075YQXQ5C,1.397,Wood,https://amazon.com/dp/B075YQXQ5C
457,B07L6C51SC,0.7366,Wood,https://amazon.com/dp/B07L6C51SC
458,B07PVL2N3D,0.9017,Wood,https://amazon.com/dp/B07PVL2N3D
459,B07B7G4VYF,1.30048,Wood,https://amazon.com/dp/B07B7G4VYF
460,B07B7B5LVF,1.524,Wood,https://amazon.com/dp/B07B7B5LVF
461,B07B86T48F,1.397,Wood,https://amazon.com/dp/B07B86T48F
462,B07ML7P94G,0.749046,Wood,https://amazon.com/dp/B07ML7P94G
463,B07B82WF6G,1.09982,Wood,https://amazon.com/dp/B07B82WF6G
464,B07L6KM74G,0.6096,Wood,https://amazon.com/dp/B07L6KM74G
465,B07DBDZ2TG,0.599948,Wood,https://amazon.com/dp/B07DBDZ2TG
466,B07PNHSR4G,1.891792,Wood,https://amazon.com/dp/B07PNHSR4G
467,B07B51N75G,1.397,Wood,https://amazon.com/dp/B07B51N75G
468,B07MND862G,0.8636,Wood,https://amazon.com/dp/B07MND862G
469,B07DBFT2YG,1.1176,Wood,https://amazon.com/dp/B07DBFT2YG
470,B07B4ZFC5H,1.3208,Wood,https://amazon.com/dp/B07B4ZFC5H
471,B07B7DL32H,1.8796,Wood,https://amazon.com/dp/B07B7DL32H
472,B07B78G4QH,1.8288,Wood,https://amazon.com/dp/B07B78G4QH
473,B07B7DPKRJ,1.19888,Wood,https://amazon.com/dp/B07B7DPKRJ
474,B07C9YVDHJ,1.3716,Wood,https://amazon.com/dp/B07C9YVDHJ
475,B07B4Y45RJ,0.6096,Wood,https://amazon.com/dp/B07B4Y45RJ
476,B07B7NYQLK,1.06426,Wood,https://amazon.com/dp/B07B7NYQLK
477,B07PSZHDNK,1.891792,Wood,https://amazon.com/dp/B07PSZHDNK
478,B07B83KVGK,0.75946,Wood,https://amazon.com/dp/B07B83KVGK
479,B07M6PKM8K,1.016,Wood,https://amazon.com/dp/B07M6PKM8K
480,B07B4YZWRK,1.3716,Wood,https://amazon.com/dp/B07B4YZWRK
481,B07B874GDK,2.6416,Wood,https://amazon.com/dp/B07B874GDK
482,B07MBFDX7L,1.016,Wood,https://amazon.com/dp/B07MBFDX7L
483,B07MBFDJWL,1.199896,Wood,https://amazon.com/dp/B07MBFDJWL
484,B07DBGJ5PM,1.19888,Wood,https://amazon.com/dp/B07DBGJ5PM
485,B07B4W2MFM,1.2954,Wood,https://amazon.com/dp/B07B4W2MFM
486,B07MHMGJMM,0.610108,Wood,https://amazon.com/dp/B07MHMGJMM
487,B07HSBD8DM,1.7272,Wood,https://amazon.com/dp/B07HSBD8DM
488,B07B7BJKBN,0.7366,Wood,https://amazon.com/dp/B07B7BJKBN
489,B075Z8KX9N,1.8034,Wood,https://amazon.com/dp/B075Z8KX9N
490,B07B4SCM7N,1.5748,Wood,https://amazon.com/dp/B07B4SCM7N
491,B07PQS58XN,1.891792,Wood,https://amazon.com/dp/B07PQS58XN
492,B075Z93N8N,1.397,Wood,https://amazon.com/dp/B075Z93N8N
493,B07HSLTLGP,1.40462,Wood,https://amazon.com/dp/B07HSLTLGP
494,B07MF1TTDP,0.599948,Wood,https://amazon.com/dp/B07MF1TTDP
495,B07MF1V33P,1.016,Wood,https://amazon.com/dp/B07MF1V33P
496,B07L6KPT9P,0.7366,Wood,https://amazon.com/dp/B07L6KPT9P
497,B07B4Z2WDQ,1.6256,Wood,https://amazon.com/dp/B07B4Z2WDQ
498,B07L6BMW6Q,0.6096,Wood,https://amazon.com/dp/B07L6BMW6Q
499,B07J29V51Q,1.016,Wood,https://amazon.com/dp/B07J29V51Q
500,B07B7B3CVQ,0.7366,Wood,https://amazon.com/dp/B07B7B3CVQ
501,B07J2B91QQ,1.016,Wood,https://amazon.com/dp/B07J2B91QQ
502,B07B7J84KR,0.59944,Wood,https://amazon.com/dp/B07B7J84KR
503,B07B7GZTNR,1.7272,Wood,https://amazon.com/dp/B07B7GZTNR
504,B07DBDPMRS,1.19888,Wood,https://amazon.com/dp/B07DBDPMRS
505,B07L8DMTMS,0.6096,Wood,https://amazon.com/dp/B07L8DMTMS
506,B07BVHKPFS,1.6256,Wood,https://amazon.com/dp/B07BVHKPFS
507,B07DBFQFGS,0.9398,Wood,https://amazon.com/dp/B07DBFQFGS
508,B075ZBVZST,1.22936,Wood,https://amazon.com/dp/B075ZBVZST
509,B07J1YW3YT,1.016,Wood,https://amazon.com/dp/B07J1YW3YT
510,B07DBFXZQT,1.09855,Wood,https://amazon.com/dp/B07DBFXZQT
511,B07MHMTC6T,1.199896,Wood,https://amazon.com/dp/B07MHMTC6T
512,B075Z8KXDT,0.8382,Wood,https://amazon.com/dp/B075Z8KXDT
513,B07HSGCNGT,0.769112,Wood,https://amazon.com/dp/B07HSGCNGT
514,B07ZVM6QMT,0.450088,Wood,https://amazon.com/dp/B07ZVM6QMT
515,B07B4SBZDV,1.4732,Wood,https://amazon.com/dp/B07B4SBZDV
516,B07M6PK8SV,1.199896,Wood,https://amazon.com/dp/B07M6PK8SV
517,B074KLJQKV,0.80518,Wood,https://amazon.com/dp/B074KLJQKV
518,B075YVHQVV,0.649986,Wood,https://amazon.com/dp/B075YVHQVV
519,B07MKQGJSW,0.6604,Wood,https://amazon.com/dp/B07MKQGJSW
520,B074KLN3HW,1.143,Wood,https://amazon.com/dp/B074KLN3HW
521,B07DBB1GQW,1.09982,Wood,https://amazon.com/dp/B07DBB1GQW
522,B07HSF15FW,0.94996,Wood,https://amazon.com/dp/B07HSF15FW
523,B07B82PXCW,1.3208,Wood,https://amazon.com/dp/B07B82PXCW
524,B07PSZHDMW,1.779778,Wood,https://amazon.com/dp/B07PSZHDMW
525,B07B78G1BW,1.3716,Wood,https://amazon.com/dp/B07B78G1BW
526,B07B4SC3GW,0.6731,Wood,https://amazon.com/dp/B07B4SC3GW
527,B0836YQ7QX,1.35255,Wood,https://amazon.com/dp/B0836YQ7QX
528,B07B4W2Z9X,1.0287,Wood,https://amazon.com/dp/B07B4W2Z9X
529,B07MHMTC6X,1.199896,Wood,https://amazon.com/dp/B07MHMTC6X
530,B07B7DFR8X,1.2192,Wood,https://amazon.com/dp/B07B7DFR8X
531,B07MBFG1LY,0.9652,Wood,https://amazon.com/dp/B07MBFG1LY
532,B07DBF3VJY,1.1176,Wood,https://amazon.com/dp/B07DBF3VJY
533,B07B4W2FFY,0.6096,Wood,https://amazon.com/dp/B07B4W2FFY
534,B075Z7HQHY,1.8034,Wood,https://amazon.com/dp/B075Z7HQHY
535,B07DBFG16Z,0.9144,Wood,https://amazon.com/dp/B07DBFG16Z
536,B07B4W5TQZ,0.6096,Wood,https://amazon.com/dp/B07B4W5TQZ
537,B07DBFFG9Z,1.199896,Wood,https://amazon.com/dp/B07DBFFG9Z
538,B01DDQMQO0,1.07,Wood,https://amazon.co.uk/dp/B01DDQMQO0
539,B00BBDF500,0.899922,Wood,https://amazon.co.uk/dp/B00BBDF500
540,B07DBF1R71,0.65405,Wood,https://amazon.com/dp/B07DBF1R71
541,B0075URYK2,1.15,Wood,https://amazon.co.uk/dp/B0075URYK2
542,B01HEZJ342,1.100074,Wood,https://amazon.co.uk/dp/B01HEZJ342
543,B00I0VTOO4,1.02997,Wood,https://amazon.co.uk/dp/B00I0VTOO4
544,B01MG6BPC6,0.8,Wood,https://amazon.co.uk/dp/B01MG6BPC6
545,B07QC876Z6,0.999998,Wood,https://amazon.com/dp/B07QC876Z6
546,B01HEZJ3EC,0.86,Wood,https://amazon.co.uk/dp/B01HEZJ3EC
547,B013OWRNDC,0.6,Wood,https://amazon.co.uk/dp/B013OWRNDC
548,B007IHF36E,1.25,Wood,https://amazon.co.uk/dp/B007IHF36E
549,B07DBDX5WF,0.65405,Wood,https://amazon.com/dp/B07DBDX5WF
550,B082JH6LSF,0.59944,Wood,https://amazon.com/dp/B082JH6LSF
551,B009S7IZWG,0.86,Wood,https://amazon.co.uk/dp/B009S7IZWG
552,B013P2DRJK,0.530098,Wood,https://amazon.co.uk/dp/B013P2DRJK
553,B082JGV1YM,1.905,Wood,https://amazon.com/dp/B082JGV1YM
554,B01DA8QZFM,1.16,Wood,https://amazon.co.uk/dp/B01DA8QZFM
555,B07DBDPMWN,0.68072,Wood,https://amazon.com/dp/B07DBDPMWN
556,B01DA8QJYO,1.08,Wood,https://amazon.co.uk/dp/B01DA8QJYO
557,B07DB9638P,1.2192,Wood,https://amazon.com/dp/B07DB9638P
558,B07DBFQFJQ,0.5588,Wood,https://amazon.com/dp/B07DBFQFJQ
559,B00838756S,0.95,Wood,https://amazon.co.uk/dp/B00838756S
560,B003DQ5B2U,0.6,Wood,https://amazon.co.uk/dp/B003DQ5B2U
561,B009S7IYKY,1.0,Wood,https://amazon.co.uk/dp/B009S7IYKY
562,B071SHBTM5,1.3208,Wood,https://amazon.com/dp/B071SHBTM5
563,B074KMVVK7,1.20396,Wood,https://amazon.com/dp/B074KMVVK7
564,B07B7B94D8,2.39776,Wood,https://amazon.com/dp/B07B7B94D8
565,B07121RM99,1.3208,Wood,https://amazon.com/dp/B07121RM99
566,B07B8PXTVL,0.5969,Wood,https://amazon.com/dp/B07B8PXTVL
567,B075YQXRJM,1.34874,Wood,https://amazon.com/dp/B075YQXRJM
568,B07B8XC5QS,0.9652,Wood,https://amazon.com/dp/B07B8XC5QS
569,B075YQ8Q3T,1.4224,Wood,https://amazon.com/dp/B075YQ8Q3T
570,B07DBB7831,0.5588,Wood,https://amazon.com/dp/B07DBB7831
571,B075Z8KX91,0.6096,Wood,https://amazon.com/dp/B075Z8KX91
572,B07MHMJD43,0.964946,Wood,https://amazon.com/dp/B07MHMJD43
573,B07DBDZ4R4,1.09982,Wood,https://amazon.com/dp/B07DBDZ4R4
574,B075Z8KXB6,1.2954,Wood,https://amazon.com/dp/B075Z8KXB6
575,B07DBGHSN7,0.508,Wood,https://amazon.com/dp/B07DBGHSN7
576,B075YZ8468,1.2954,Wood,https://amazon.com/dp/B075YZ8468
577,B07M6PKC6B,0.749046,Wood,https://amazon.com/dp/B07M6PKC6B
578,B07MBFDS3B,0.610108,Wood,https://amazon.com/dp/B07MBFDS3B
579,B07DBDT59C,0.5588,Wood,https://amazon.com/dp/B07DBDT59C
580,B07MF1RP5H,0.610108,Wood,https://amazon.com/dp/B07MF1RP5H
581,B07MHMGJMH,0.964946,Wood,https://amazon.com/dp/B07MHMGJMH
582,B07DBB7N9L,0.508,Wood,https://amazon.com/dp/B07DBB7N9L
583,B07DBB7FVL,0.64008,Wood,https://amazon.com/dp/B07DBB7FVL
584,B07MF1TDMM,1.199896,Wood,https://amazon.com/dp/B07MF1TDMM
585,B075YZYJQN,1.23952,Wood,https://amazon.com/dp/B075YZYJQN
586,B07QFB1L2P,0.7747,Wood,https://amazon.com/dp/B07QFB1L2P
587,B075Z6YRWQ,1.8034,Wood,https://amazon.com/dp/B075Z6YRWQ
588,B07M6PK31S,1.199896,Wood,https://amazon.com/dp/B07M6PK31S
589,B07MF1TRMS,1.199896,Wood,https://amazon.com/dp/B07MF1TRMS
590,B07DBDZMSS,0.5588,Wood,https://amazon.com/dp/B07DBDZMSS
591,B07DBDX5VT,1.1176,Wood,https://amazon.com/dp/B07DBDX5VT
592,B07M6PKCPV,0.599948,Wood,https://amazon.com/dp/B07M6PKCPV
593,B07MF1V33V,0.749046,Wood,https://amazon.com/dp/B07MF1V33V
594,B07DBHFDQW,1.2192,Wood,https://amazon.com/dp/B07DBHFDQW
595,B07M6PJ4NW,0.599948,Wood,https://amazon.com/dp/B07M6PJ4NW
596,B07MF1SRKX,1.199896,Wood,https://amazon.com/dp/B07MF1SRKX
597,B075Z1VKKX,0.54991,Wood,https://amazon.com/dp/B075Z1VKKX
598,B07MHMTFRY,1.199896,Wood,https://amazon.com/dp/B07MHMTFRY
599,B075ZBL75Z,1.6002,Wood,https://amazon.com/dp/B075ZBL75Z
600,B07QF9Y9D1,1.4097,Wood,https://amazon.com/dp/B07QF9Y9D1
601,B082JJJKT3,1.2192,Wood,https://amazon.com/dp/B082JJJKT3
602,B07QHKPD35,0.762,Wood,https://amazon.com/dp/B07QHKPD35
603,B07HSJDN75,1.0668,Wood,https://amazon.com/dp/B07HSJDN75
604,B07Q1SBY26,0.9906,Wood,https://amazon.com/dp/B07Q1SBY26
605,B07QF9Y6Z9,0.94996,Wood,https://amazon.com/dp/B07QF9Y6Z9
606,B07QC85X9C,1.8288,Wood,https://amazon.com/dp/B07QC85X9C
607,B07QF9X1LH,1.8796,Wood,https://amazon.com/dp/B07QF9X1LH
608,B07QC85X9J,1.3716,Wood,https://amazon.com/dp/B07QC85X9J
609,B07PYL46GJ,1.361948,Wood,https://amazon.com/dp/B07PYL46GJ
610,B07PXG7B4N,1.361948,Wood,https://amazon.com/dp/B07PXG7B4N
611,B07R7W7ZMP,0.9906,Wood,https://amazon.com/dp/B07R7W7ZMP
612,B07QC8772Q,1.1938,Wood,https://amazon.com/dp/B07QC8772Q
613,B07QC84LTR,1.3716,Wood,https://amazon.com/dp/B07QC84LTR
614,B07QD6V1VT,1.00076,Wood,https://amazon.com/dp/B07QD6V1VT
615,B07NLC71ZV,1.361948,Wood,https://amazon.com/dp/B07NLC71ZV
616,B084ZB8L8W,0.810000001,Wood,https://amazon.com/dp/B084ZB8L8W
617,B082JLXB9Z,1.2192,Wood,https://amazon.com/dp/B082JLXB9Z
618,B07S24MY81,0.815,Wood,https://amazon.es/dp/B07S24MY81
619,B07JGY5LL1,1.6,Wood,https://amazon.es/dp/B07JGY5LL1
620,B07GF7CSL1,1.2,Wood,https://amazon.es/dp/B07GF7CSL1
621,B07B7GQ1J2,1.00076,Wood,https://amazon.com/dp/B07B7GQ1J2
622,B07DB92LG4,1.2065,Wood,https://amazon.com/dp/B07DB92LG4
623,B07B8FHTJ4,0.59055,Wood,https://amazon.com/dp/B07B8FHTJ4
624,B07HSMYP14,1.079246,Wood,https://amazon.com/dp/B07HSMYP14
625,B07K7K9224,0.9,Wood,https://amazon.es/dp/B07K7K9224
626,B07S5FS2R5,0.67,Wood,https://amazon.es/dp/B07S5FS2R5
627,B07DBF6KZ6,1.0287,Wood,https://amazon.com/dp/B07DBF6KZ6
628,B07DMFNXY6,0.6096,Wood,https://amazon.com.mx/dp/B07DMFNXY6
629,B072ZMT5R7,0.53086,Wood,https://amazon.com/dp/B072ZMT5R7
630,B07HSH22K8,0.7493,Wood,https://amazon.com/dp/B07HSH22K8
631,B07XCTFG18,0.21,Wood,https://amazon.es/dp/B07XCTFG18
632,B084MMLP68,1.0668,Wood,https://amazon.com/dp/B084MMLP68
633,B07S4CDSD8,1.4,Wood,https://amazon.es/dp/B07S4CDSD8
634,B084MMGCWB,1.0668,Wood,https://amazon.com/dp/B084MMGCWB
635,B07TQM977B,0.55,Wood,https://amazon.es/dp/B07TQM977B
636,B07GFFKRSD,1.1,Wood,https://amazon.es/dp/B07GFFKRSD
637,B07B8HYSLD,1.27,Wood,https://amazon.com/dp/B07B8HYSLD
638,B07B7B94GH,0.762,Wood,https://amazon.com/dp/B07B7B94GH
639,B07B8J8LXH,0.635,Wood,https://amazon.com/dp/B07B8J8LXH
640,B07QTK9CXH,1.1,Wood,https://amazon.es/dp/B07QTK9CXH
641,B07QVRRMMH,1.1,Wood,https://amazon.es/dp/B07QVRRMMH
642,B07DBFG1BH,1.2065,Wood,https://amazon.com/dp/B07DBFG1BH
643,B07B79GMHH,0.7366,Wood,https://amazon.com/dp/B07B79GMHH
644,B07S6XJYRJ,1.02,Wood,https://amazon.es/dp/B07S6XJYRJ
645,B072ZKPK7J,0.45974,Wood,https://amazon.com/dp/B072ZKPK7J
646,B07B7BRXCK,0.6096,Wood,https://amazon.com/dp/B07B7BRXCK
647,B07DMG7VGK,0.9906,Wood,https://amazon.com.mx/dp/B07DMG7VGK
648,B07GFL6RFK,1.1,Wood,https://amazon.es/dp/B07GFL6RFK
649,B07B7H9VMM,0.599948,Wood,https://amazon.com/dp/B07B7H9VMM
650,B07B78M4DN,0.7366,Wood,https://amazon.com/dp/B07B78M4DN
651,B07X9QLZ5N,0.25,Wood,https://amazon.es/dp/B07X9QLZ5N
652,B07H8VCDWP,1.96,Wood,https://amazon.es/dp/B07H8VCDWP
653,B07B8NBQQP,0.60325,Wood,https://amazon.com/dp/B07B8NBQQP
654,B07JWPXTDQ,1.6,Wood,https://amazon.es/dp/B07JWPXTDQ
655,B07QWZDK9S,0.94,Wood,https://amazon.es/dp/B07QWZDK9S
656,B07DBDWX9T,1.0287,Wood,https://amazon.com/dp/B07DBDWX9T
657,B07S74J1JT,0.8,Wood,https://amazon.es/dp/B07S74J1JT
658,B07RMYYSYT,1.135,Wood,https://amazon.es/dp/B07RMYYSYT
659,B07DBDWZ7V,1.3335,Wood,https://amazon.com/dp/B07DBDWZ7V
660,B07HSCN55V,0.679196,Wood,https://amazon.com/dp/B07HSCN55V
661,B07QC876YV,0.4572,Wood,https://amazon.com/dp/B07QC876YV
662,B07B7BM55W,1.999996,Wood,https://amazon.com/dp/B07B7BM55W
663,B07S6WNZ7Y,1.77,Wood,https://amazon.es/dp/B07S6WNZ7Y
664,B07S4C7X4Z,0.67,Wood,https://amazon.es/dp/B07S4C7X4Z
665,B07BVHL3SZ,1.2192,Wood,https://amazon.es/dp/B07BVHL3SZ
666,B079VKDKC1,0.47,Wood,https://amazon.co.uk/dp/B079VKDKC1
667,B07Q2MHLH1,0.7112,Wood,https://amazon.com/dp/B07Q2MHLH1
668,B07LC1GC42,1.1,Wood,https://amazon.in/dp/B07LC1GC42
669,B079VPLVH5,0.56,Wood,https://amazon.co.uk/dp/B079VPLVH5
670,B072ZNBWM7,1.72974,Wood,https://amazon.com/dp/B072ZNBWM7
671,B07QC861L7,1.1938,Wood,https://amazon.com/dp/B07QC861L7
672,B07G4ZXLC8,0.8001,Wood,https://amazon.com/dp/B07G4ZXLC8
673,B07PVBJ7X8,1.36,Wood,https://amazon.co.uk/dp/B07PVBJ7X8
674,B07SQ9P548,1.05,Wood,https://amazon.in/dp/B07SQ9P548
675,B07PYKPBY9,1.254,Wood,https://amazon.co.uk/dp/B07PYKPBY9
676,B07QTKCKVB,0.986,Wood,https://amazon.co.uk/dp/B07QTKCKVB
677,B07PYKLXGB,1.02,Wood,https://amazon.co.uk/dp/B07PYKLXGB
678,B072ZK885D,1.18618,Wood,https://amazon.com/dp/B072ZK885D
679,B07SB8WWHD,1.5,Wood,https://amazon.co.uk/dp/B07SB8WWHD
680,B079TXCC1J,0.47,Wood,https://amazon.co.uk/dp/B079TXCC1J
681,B079TZ7JZJ,0.47,Wood,https://amazon.co.uk/dp/B079TZ7JZJ
682,B079VMH24K,0.47,Wood,https://amazon.co.uk/dp/B079VMH24K
683,B079TYF1GK,1.7,Wood,https://amazon.co.uk/dp/B079TYF1GK
684,B07JGY5LML,1.65,Wood,https://amazon.co.uk/dp/B07JGY5LML
685,B072ZRPFJL,1.4986,Wood,https://amazon.com/dp/B072ZRPFJL
686,B07V9RL63N,1.2,Wood,https://amazon.co.uk/dp/B07V9RL63N
687,B07SSCJKLN,0.75,Wood,https://amazon.in/dp/B07SSCJKLN
688,B07B7MQD5P,1.190498,Wood,https://amazon.com/dp/B07B7MQD5P
689,B07QD6TXWS,0.5715,Wood,https://amazon.com/dp/B07QD6TXWS
690,B07G527L5S,1.044956,Wood,https://amazon.com/dp/B07G527L5S
691,B07QJLJRWW,0.5588,Wood,https://amazon.com/dp/B07QJLJRWW
692,B07L1DH1PX,0.395,Wood,https://amazon.in/dp/B07L1DH1PX
693,B079X4Z6QX,0.75,Wood,https://amazon.co.uk/dp/B079X4Z6QX
694,B07S62NQFY,0.46,Wood,https://amazon.co.uk/dp/B07S62NQFY
695,B079VK52WZ,0.47,Wood,https://amazon.co.uk/dp/B079VK52WZ
696,B07HSL4TS1,0.89916,Wood,https://amazon.com/dp/B07HSL4TS1
697,B07HSH4ZR2,0.58928,Wood,https://amazon.com/dp/B07HSH4ZR2
698,B075X2PC3L,1.5748,Wood,https://amazon.com/dp/B075X2PC3L
699,B07K8F2WHK,1.15,Wood,https://amazon.co.uk/dp/B07K8F2WHK
700,B07K7K956L,1.0,Wood,https://amazon.co.uk/dp/B07K7K956L
701,B07K7LR4WL,0.9,Wood,https://amazon.co.uk/dp/B07K7LR4WL
702,B07TQ8WK61,1.8,Wood,https://amazon.it/dp/B07TQ8WK61
703,B07TZ9BG49,0.344,Wood,https://amazon.it/dp/B07TZ9BG49
704,B07JWPM3HD,0.8,Wood,https://amazon.it/dp/B07JWPM3HD
705,B07H8VHYHN,1.1,Wood,https://amazon.it/dp/B07H8VHYHN
706,B07JH147WS,1.93,Wood,https://amazon.it/dp/B07JH147WS
707,B07TX2D4WW,0.344,Wood,https://amazon.it/dp/B07TX2D4WW
708,B07QY2ZN7X,0.895,Wood,https://amazon.it/dp/B07QY2ZN7X
709,B07QV18PGY,1.65,Wood,https://amazon.it/dp/B07QV18PGY
710,B075Z9KXZ1,0.55118,Wood,https://amazon.com/dp/B075Z9KXZ1
711,B075Z8TDQ6,0.45974,Wood,https://amazon.com/dp/B075Z8TDQ6
712,B07H469871,1.39,Wood,https://amazon.de/dp/B07H469871
713,B07H8SZNZ3,1.35,Wood,https://amazon.de/dp/B07H8SZNZ3
714,B07C41C1C8,2.16,Wood,https://amazon.de/dp/B07C41C1C8
715,B07H4MM3TC,1.25,Wood,https://amazon.de/dp/B07H4MM3TC
716,B07TZ9BMJG,0.594,Wood,https://amazon.de/dp/B07TZ9BMJG
717,B07GFSJ68G,1.59,Wood,https://amazon.de/dp/B07GFSJ68G
718,B07TTY3BYH,0.882,Wood,https://amazon.de/dp/B07TTY3BYH
719,B07QY2XJ5J,1.65,Wood,https://amazon.de/dp/B07QY2XJ5J
720,B07TZ9BLZL,0.594,Wood,https://amazon.de/dp/B07TZ9BLZL
721,B07TY5GXXP,0.594,Wood,https://amazon.de/dp/B07TY5GXXP
722,B07TY5GXBQ,0.594,Wood,https://amazon.de/dp/B07TY5GXBQ
723,B07H8JN9NV,1.39,Wood,https://amazon.de/dp/B07H8JN9NV
724,B07GFW9GFX,1.91,Wood,https://amazon.de/dp/B07GFW9GFX
725,B07S6XKT5X,0.6,Wood,https://amazon.de/dp/B07S6XKT5X
726,B07TTY35MY,0.594,Wood,https://amazon.de/dp/B07TTY35MY
727,B07TZ9BGNZ,0.594,Wood,https://amazon.de/dp/B07TZ9BGNZ
728,B07S37JPW6,0.89,Wood,https://amazon.fr/dp/B07S37JPW6
729,B07TTY39K8,0.594,Wood,https://amazon.fr/dp/B07TTY39K8
730,B07RMYWYN9,1.2,Wood,https://amazon.fr/dp/B07RMYWYN9
731,B07XBQ8LDD,0.18,Wood,https://amazon.fr/dp/B07XBQ8LDD
732,B07TVYR4SH,0.882,Wood,https://amazon.fr/dp/B07TVYR4SH
733,B07S4CDHPS,0.89,Wood,https://amazon.fr/dp/B07S4CDHPS
734,B07X9QMF9Y,0.25,Wood,https://amazon.fr/dp/B07X9QMF9Y
735,B07KW7WSJ2,1.25,Wood,https://amazon.de/dp/B07KW7WSJ2
736,B07K7NY646,1.1,Wood,https://amazon.de/dp/B07K7NY646
737,B07QY2XJD6,0.895,Wood,https://amazon.de/dp/B07QY2XJD6
738,B07K7LVGKG,1.25,Wood,https://amazon.de/dp/B07K7LVGKG
739,B07K7LVGHH,1.15,Wood,https://amazon.de/dp/B07K7LVGHH
740,B07K7M4X4T,1.25,Wood,https://amazon.de/dp/B07K7M4X4T
741,B07K7LZVMX,1.6,Wood,https://amazon.de/dp/B07K7LZVMX
742,B07K7NSKCZ,1.4,Wood,https://amazon.de/dp/B07K7NSKCZ
743,B07S4CCML3,1.85,Wood,https://amazon.it/dp/B07S4CCML3
744,B07GFLD668,1.28,Wood,https://amazon.it/dp/B07GFLD668
745,B07XDQJFJD,0.18,Wood,https://amazon.it/dp/B07XDQJFJD
746,B07SCMBP1J,0.236982,Wood,https://amazon.it/dp/B07SCMBP1J
747,B07K7RX2KJ,1.3,Wood,https://amazon.it/dp/B07K7RX2KJ
748,B07S24M5RK,1.85,Wood,https://amazon.it/dp/B07S24M5RK
749,B07GFS1VSL,2.0,Wood,https://amazon.it/dp/B07GFS1VSL
750,B07TSTJSTN,0.344,Wood,https://amazon.it/dp/B07TSTJSTN
751,B07TTY3FYP,0.879,Wood,https://amazon.it/dp/B07TTY3FYP
752,B07XBQ9SQR,0.21,Wood,https://amazon.it/dp/B07XBQ9SQR
753,B07S5FRK4S,0.89,Wood,https://amazon.it/dp/B07S5FRK4S
754,B07RMYJWLS,1.4,Wood,https://amazon.it/dp/B07RMYJWLS
755,B07TVYR4SS,0.881,Wood,https://amazon.it/dp/B07TVYR4SS
756,B07RR3RFHT,1.4,Wood,https://amazon.it/dp/B07RR3RFHT
757,B07PNG6XLV,1.85,Wood,https://amazon.it/dp/B07PNG6XLV
758,B01557QQSW,0.98,Wood,https://amazon.it/dp/B01557QQSW
759,B07RMJPJMX,1.4,Wood,https://amazon.it/dp/B07RMJPJMX
760,B07S24LYCY,1.88,Wood,https://amazon.it/dp/B07S24LYCY
761,B07TP5MKP3,1.524,Wood,https://amazon.it/dp/B07TP5MKP3
762,B07K6QBDC8,0.885,Wood,https://amazon.it/dp/B07K6QBDC8
763,B07K6RH9H9,1.4,Wood,https://amazon.it/dp/B07K6RH9H9
764,B07TP5LKBH,1.524,Wood,https://amazon.it/dp/B07TP5LKBH
765,B07K6S7KYS,1.8,Wood,https://amazon.it/dp/B07K6S7KYS
766,B07TN2S8TW,1.524,Wood,https://amazon.it/dp/B07TN2S8TW
767,B0728KSP33,0.6096,Wood,https://amazon.com/dp/B0728KSP33
768,B07SK9PJN9,1.04,Wood,https://amazon.co.uk/dp/B07SK9PJN9
769,B01D3C7Z4A,0.59,Wood,https://amazon.co.uk/dp/B01D3C7Z4A
770,B07K7K4CJB,1.1,Wood,https://amazon.co.uk/dp/B07K7K4CJB
771,B01LWVEZ1C,0.9,Wood,https://amazon.co.uk/dp/B01LWVEZ1C
772,B07K7NV58D,1.0,Wood,https://amazon.co.uk/dp/B07K7NV58D
773,B07JGY5LPJ,2.02,Wood,https://amazon.co.uk/dp/B07JGY5LPJ
774,B07JWP2Y5K,1.04,Wood,https://amazon.co.uk/dp/B07JWP2Y5K
775,B07SJ75Y1M,1.3,Wood,https://amazon.co.uk/dp/B07SJ75Y1M
776,B07K7K7GTZ,0.56,Wood,https://amazon.co.uk/dp/B07K7K7GTZ
777,B07L6LL293,0.6096,Wood,https://amazon.com/dp/B07L6LL293
778,B07B86VTX4,2.0828,Wood,https://amazon.com/dp/B07B86VTX4
779,B075YMXWZM,0.769874,Wood,https://amazon.com/dp/B075YMXWZM
780,B075X3WD5T,0.6096,Wood,https://amazon.com/dp/B075X3WD5T
781,B07L6MD26Y,0.7366,Wood,https://amazon.com/dp/B07L6MD26Y
782,B07DBF788Z,1.199896,Wood,https://amazon.com/dp/B07DBF788Z
783,B079ZB4V97,0.93,Wood,https://amazon.co.uk/dp/B079ZB4V97
784,B07GG1Z4J3,1.91,Wood,https://amazon.se/dp/B07GG1Z4J3
785,B07GZY278M,0.762,Wood,https://amazon.com/dp/B07GZY278M
786,B07S74K5Y9,1.92,Wood,https://amazon.fr/dp/B07S74K5Y9
787,B07QPZK6MJ,0.59,Wood,https://amazon.fr/dp/B07QPZK6MJ
788,B07K7K7GNK,0.75,Wood,https://amazon.es/dp/B07K7K7GNK
789,B084L7RVQB,1.3208,Wood,https://amazon.com/dp/B084L7RVQB
790,B084L7SNDG,0.6096,Wood,https://amazon.com/dp/B084L7SNDG
791,B084QWW4LR,1.2192,Wood,https://amazon.com/dp/B084QWW4LR
792,B084L8195R,1.3208,Wood,https://amazon.com/dp/B084L8195R
793,B07NRQVY26,0.7112,Wood,https://amazon.com/dp/B07NRQVY26
794,B075YMXWZC,1.599946,Wood,https://amazon.com/dp/B075YMXWZC
795,B074KMVDRS,1.8288,Wood,https://amazon.com/dp/B074KMVDRS
796,B075Z1NM5W,1.4986,Wood,https://amazon.com/dp/B075Z1NM5W
797,B07K7NYB8K,1.25,Wood,https://amazon.fr/dp/B07K7NYB8K
798,B072ZK8897,0.77978,Wood,https://amazon.com/dp/B072ZK8897
799,B005G2WO38,1.0,Wood,https://amazon.co.uk/dp/B005G2WO38
800,B008RLJR2G,0.775,Wood,https://amazon.co.uk/dp/B008RLJR2G
801,B07DBG4PPP,1.19888,Wood,https://amazon.com/dp/B07DBG4PPP
802,B07MBNM6LY,0.9271,Wood,https://amazon.com/dp/B07MBNM6LY
803,B071FJR479,1.524,Wood,https://amazon.com/dp/B071FJR479
804,B07177355J,0.5842,Wood,https://amazon.com/dp/B07177355J
805,B01DA8LC0A,0.94,Wood,https://amazon.de/dp/B01DA8LC0A
806,B0857JLP6K,0.9906,Wood,https://amazon.com/dp/B0857JLP6K
807,B0857JQ3DY,0.9906,Wood,https://amazon.com/dp/B0857JQ3DY
808,B07HSH4WFB,0.924052,Wood,https://amazon.com/dp/B07HSH4WFB
809,B07QGFS4JC,1.0668,Wood,https://amazon.com/dp/B07QGFS4JC
810,B07PXFVNXR,1.253998,Wood,https://amazon.com/dp/B07PXFVNXR
811,B07QJLWJMY,1.3843,Wood,https://amazon.com/dp/B07QJLWJMY
812,B07F3Y9BSC,1.2192,Wood,https://amazon.com/dp/B07F3Y9BSC
813,B07K7YMBNY,0.8,Wood,https://amazon.de/dp/B07K7YMBNY
814,B07JGPKY8D,1.19,Wood,https://amazon.es/dp/B07JGPKY8D
815,B07TMGJC9N,1.0671,Wood,https://amazon.es/dp/B07TMGJC9N
816,B07K6S36XD,1.19,Wood,https://amazon.co.uk/dp/B07K6S36XD
817,B07TR659GF,1.524,Wood,https://amazon.co.uk/dp/B07TR659GF
818,B07K6N3TNH,1.4,Wood,https://amazon.co.uk/dp/B07K6N3TNH
819,B07K77KZ7T,1.4,Wood,https://amazon.co.uk/dp/B07K77KZ7T
820,B07K7663DW,1.215,Wood,https://amazon.co.uk/dp/B07K7663DW
821,B07K6N5FVX,1.2,Wood,https://amazon.co.uk/dp/B07K6N5FVX
822,B07TP5LTFX,1.11,Wood,https://amazon.co.uk/dp/B07TP5LTFX
823,B07K6S2G5Z,1.4,Wood,https://amazon.co.uk/dp/B07K6S2G5Z
824,B07K6N3XKZ,1.2,Wood,https://amazon.co.uk/dp/B07K6N3XKZ
825,B07K7KBPHN,0.48,Wood,https://amazon.it/dp/B07K7KBPHN
826,B07K6RNQDH,1.3,Wood,https://amazon.es/dp/B07K6RNQDH
827,B07K6S7QHQ,0.885,Wood,https://amazon.es/dp/B07K6S7QHQ
828,B07TJV6Q5W,1.17,Wood,https://amazon.es/dp/B07TJV6Q5W
829,B07QHKQLBH,1.1176,Wood,https://amazon.com/dp/B07QHKQLBH
830,B07HSMYNYJ,1.5492984,Wood,https://amazon.com/dp/B07HSMYNYJ
831,B07TPNG61L,0.9,Wood,https://amazon.de/dp/B07TPNG61L
832,B07SNKJYZL,1.1,Wood,https://amazon.fr/dp/B07SNKJYZL
833,B07SH7L5QM,1.5,Wood,https://amazon.fr/dp/B07SH7L5QM
834,B07K7Z6YJT,1.8,Wood,https://amazon.fr/dp/B07K7Z6YJT
835,B07K7K4CDY,1.8,Wood,https://amazon.fr/dp/B07K7K4CDY
836,B075Z8629N,1.19888,Wood,https://amazon.com/dp/B075Z8629N
837,B075ZBW1SN,1.27,Wood,https://amazon.com/dp/B075ZBW1SN
838,B07B8FN8TP,1.50114,Wood,https://amazon.com/dp/B07B8FN8TP
839,B07HSDP2CP,0.96012,Wood,https://amazon.com/dp/B07HSDP2CP
840,B074KMW499,1.7272,Wood,https://amazon.com/dp/B074KMW499
841,B075YMW6VR,1.9812,Wood,https://amazon.com/dp/B075YMW6VR
842,B07PX3D82S,0.7112,Wood,https://amazon.com/dp/B07PX3D82S
843,B07K7K4CRV,1.0,Wood,https://amazon.co.uk/dp/B07K7K4CRV
844,B07K7NXX1W,1.8,Wood,https://amazon.es/dp/B07K7NXX1W
845,B07Q2MFD1V,0.7112,Wood,https://amazon.com/dp/B07Q2MFD1V
846,B07B7ND81Z,1.09982,Wood,https://amazon.de/dp/B07B7ND81Z
847,B07TLDNPXW,0.9,Wood,https://amazon.co.uk/dp/B07TLDNPXW
848,B07TN2RZPW,1.524,Wood,https://amazon.fr/dp/B07TN2RZPW
849,B075Z93NKX,1.016,Wood,https://amazon.com/dp/B075Z93NKX
850,B07B7DL3GX,1.524,Wood,https://amazon.com/dp/B07B7DL3GX
851,B0856GFH76,0.75946,Plastic,https://amazon.com/dp/B0856GFH76
852,B0856G64W7,0.75946,Plastic,https://amazon.com/dp/B0856G64W7
853,B0856G1638,1.04394,Plastic,https://amazon.com/dp/B0856G1638
854,B0856FQQKH,0.78994,Plastic,https://amazon.com/dp/B0856FQQKH
855,B0856G51ZG,1.04394,Plastic,https://amazon.com/dp/B0856G51ZG
856,B0856G288H,1.04394,Plastic,https://amazon.com/dp/B0856G288H
857,B0856G6QWP,0.78994,Plastic,https://amazon.com/dp/B0856G6QWP
858,B0856G7YXQ,0.78994,Plastic,https://amazon.com/dp/B0856G7YXQ
859,B006ZT4VA0,0.17907,Plastic,https://amazon.com/dp/B006ZT4VA0
860,B0735CKFJK,1.13792,Steel,https://amazon.com/dp/B0735CKFJK
861,B0735CJJDM,0.76962,Steel,https://amazon.com/dp/B0735CJJDM
862,B0735CKD6R,0.76962,Steel,https://amazon.com/dp/B0735CKD6R
863,B07B78G1D1,1.2065,Iron,https://amazon.com/dp/B07B78G1D1
864,B0713T6T4D,0.999998,Iron,https://amazon.com/dp/B0713T6T4D
865,B075X2XYX1,1.5367,Iron,https://amazon.com.mx/dp/B075X2XYX1
866,B07MBF93P1,0.37465,Iron,https://amazon.com/dp/B07MBF93P1
867,B0824FD7R1,0.48895,Iron,https://amazon.com/dp/B0824FD7R1
868,B075X2G512,0.3556,Iron,https://amazon.co.uk/dp/B075X2G512
869,B07B7GV4P3,0.5588,Iron,https://amazon.com/dp/B07B7GV4P3
870,B0824FH9M3,0.327152,Iron,https://amazon.com/dp/B0824FH9M3
871,B0824F6HZ4,0.48895,Iron,https://amazon.com/dp/B0824F6HZ4
872,B084DQ6BV4,0.635,Iron,https://amazon.com/dp/B084DQ6BV4
873,B07DBD3G35,1.02235,Iron,https://amazon.com/dp/B07DBD3G35
874,B07DBB1GX5,0.6096,Iron,https://amazon.com/dp/B07DBB1GX5
875,B0825DZN66,1.47955,Iron,https://amazon.com/dp/B0825DZN66
876,B0825F3GC7,0.5588,Iron,https://amazon.com/dp/B0825F3GC7
877,B07RT5N887,1.2,Iron,https://amazon.fr/dp/B07RT5N887
878,B0825DBMT7,0.4826,Iron,https://amazon.com/dp/B0825DBMT7
879,B0825DBY38,0.4699,Iron,https://amazon.com/dp/B0825DBY38
880,B07B4SC2S9,1.5113,Iron,https://amazon.ca/dp/B07B4SC2S9
881,B071HSMWGB,1.5367,Iron,https://amazon.com/dp/B071HSMWGB
882,B08B8SV8DB,0.762,Iron,https://amazon.com/dp/B08B8SV8DB
883,B07DBDT68B,0.6096,Iron,https://amazon.com/dp/B07DBDT68B
884,B0825DBY3C,0.4826,Iron,https://amazon.com/dp/B0825DBY3C
885,B07QC85ZKD,0.6096,Iron,https://amazon.com/dp/B07QC85ZKD
886,B0742FHDJF,0.4826,Iron,https://amazon.sg/dp/B0742FHDJF
887,B079X4CP3F,0.75,Wood,https://amazon.co.uk/dp/B079X4CP3F
888,B082JH9VWG,0.4064,Iron,https://amazon.com/dp/B082JH9VWG
889,B0742D9X4G,1.778,Iron,https://amazon.com/dp/B0742D9X4G
890,B071DZHLXH,1.64465,Steel,https://amazon.co.uk/dp/B071DZHLXH
891,B07B7J8CGH,0.549148,Iron,https://amazon.com/dp/B07B7J8CGH
892,B073P2ZGMJ,0.4826,Iron,https://amazon.com.mx/dp/B073P2ZGMJ
893,B082JHXMJL,0.4064,Iron,https://amazon.com/dp/B082JHXMJL
894,B0825DG9QL,0.4699,Iron,https://amazon.com/dp/B0825DG9QL
895,B07B7J8J9M,0.49784,Iron,https://amazon.com/dp/B07B7J8J9M
896,B07QGFYLLM,0.5461,Iron,https://amazon.com/dp/B07QGFYLLM
897,B073P36T7M,2.0066,Iron,https://amazon.ca/dp/B073P36T7M
898,B07DB8XFGM,0.6096,Iron,https://amazon.com/dp/B07DB8XFGM
899,B076V9V7DM,0.504825,Iron,https://amazon.ca/dp/B076V9V7DM
900,B076VF4KRN,0.504825,Iron,https://amazon.ca/dp/B076VF4KRN
901,B07L96X7MN,1.02489,Iron,https://amazon.com/dp/B07L96X7MN
902,B082JHW29P,1.6002,Iron,https://amazon.com/dp/B082JHW29P
903,B082JHX2YP,0.635,Iron,https://amazon.com/dp/B082JHX2YP
904,B07ML7QBHQ,0.37465,Iron,https://amazon.com/dp/B07ML7QBHQ
905,B082JHGDTS,0.635,Iron,https://amazon.com/dp/B082JHGDTS
906,B073P3HHFS,0.4826,Iron,https://amazon.ca/dp/B073P3HHFS
907,B073P3HHFT,1.7526,Iron,https://amazon.ca/dp/B073P3HHFT
908,B07B7J8HFV,0.64008,Iron,https://amazon.com/dp/B07B7J8HFV
909,B07DBDZ2PV,0.6096,Iron,https://amazon.com/dp/B07DBDZ2PV
910,B073P3HHFV,1.7526,Iron,https://amazon.es/dp/B073P3HHFV
911,B07B8PXJJW,0.3175,Iron,https://amazon.com/dp/B07B8PXJJW
912,B0825D7RYW,1.47955,Iron,https://amazon.com/dp/B0825D7RYW
913,B0719H3KTX,1.673098,Iron,https://amazon.com/dp/B0719H3KTX
914,B0825D7RYX,1.47955,Iron,https://amazon.com/dp/B0825D7RYX
915,B07QD6V1SY,0.500126,Iron,https://amazon.com/dp/B07QD6V1SY
916,B0716WLY2Y,1.651,Iron,https://amazon.com/dp/B0716WLY2Y
917,B07QD6TXXY,0.6731,Iron,https://amazon.com/dp/B07QD6TXXY
918,B075X2YJHZ,1.524,Iron,https://amazon.com/dp/B075X2YJHZ
919,B07RCMX761,1.905,Iron,https://amazon.com/dp/B07RCMX761
920,B07DBD9VY1,0.6096,Iron,https://amazon.com/dp/B07DBD9VY1
921,B07DBD3G32,0.6096,Iron,https://amazon.com/dp/B07DBD3G32
922,B07XGQ9RM3,0.605028,Iron,https://amazon.com/dp/B07XGQ9RM3
923,B07B8K1DL3,0.5588,Iron,https://amazon.com/dp/B07B8K1DL3
924,B075X3S2X5,1.4478,Iron,https://amazon.com/dp/B075X3S2X5
925,B07DBGHZH5,1.02235,Iron,https://amazon.com/dp/B07DBGHZH5
926,B07374K536,1.524,Iron,https://amazon.com/dp/B07374K536
927,B071S5RLR6,1.42875,Iron,https://amazon.com/dp/B071S5RLR6
928,B07HK6B4D7,0.508762,Iron,https://amazon.com/dp/B07HK6B4D7
929,B0711Q7WK7,1.59385,Iron,https://amazon.com/dp/B0711Q7WK7
930,B07DTFBCZ7,0.6731,Iron,https://amazon.com/dp/B07DTFBCZ7
931,B07B8TGC99,0.3175,Iron,https://amazon.com/dp/B07B8TGC99
932,B07DBF5JCC,0.6096,Iron,https://amazon.com/dp/B07DBF5JCC
933,B0737756WD,0.7112,Iron,https://amazon.com/dp/B0737756WD
934,B07149T97D,1.6002,Iron,https://amazon.com/dp/B07149T97D
935,B07B82T39G,0.889,Iron,https://amazon.com/dp/B07B82T39G
936,B07M5T9JKH,0.65405,Iron,https://amazon.com/dp/B07M5T9JKH
937,B0716WM8TJ,1.524,Iron,https://amazon.com/dp/B0716WM8TJ
938,B07HK3HJQK,0.5334,Iron,https://amazon.com/dp/B07HK3HJQK
939,B071LDM8NL,1.49225,Iron,https://amazon.com/dp/B071LDM8NL
940,B07374SBFL,1.4986,Iron,https://amazon.com/dp/B07374SBFL
941,B07TWQTVXL,0.67945,Iron,https://amazon.com/dp/B07TWQTVXL
942,B07HKGKSMM,0.42545,Iron,https://amazon.com/dp/B07HKGKSMM
943,B07DBK7NFM,0.459994,Iron,https://amazon.com/dp/B07DBK7NFM
944,B07M9KPR1P,0.65405,Iron,https://amazon.com/dp/B07M9KPR1P
945,B07B8M878P,0.48895,Iron,https://amazon.com/dp/B07B8M878P
946,B07MR4GRQP,0.537464,Iron,https://amazon.com/dp/B07MR4GRQP
947,B07TVMZ5QP,0.67945,Iron,https://amazon.com/dp/B07TVMZ5QP
948,B07B8PXQ1Q,0.4572,Iron,https://amazon.com/dp/B07B8PXQ1Q
949,B07HK5CDRQ,0.29845,Iron,https://amazon.com/dp/B07HK5CDRQ
950,B07DTF7N9Q,0.4953,Iron,https://amazon.com/dp/B07DTF7N9Q
951,B075X2Y4HQ,0.64516,Iron,https://amazon.com/dp/B075X2Y4HQ
952,B07B7J5XSQ,0.55118,Iron,https://amazon.com/dp/B07B7J5XSQ
953,B07B8P1JCT,0.6096,Iron,https://amazon.com/dp/B07B8P1JCT
954,B071HSMXBT,1.5494,Iron,https://amazon.com/dp/B071HSMXBT
955,B07B8PXMQT,0.9144,Iron,https://amazon.com/dp/B07B8PXMQT
956,B07HSCRG8T,0.66929,Iron,https://amazon.com/dp/B07HSCRG8T
957,B07DBJLZ7T,0.50165,Iron,https://amazon.com/dp/B07DBJLZ7T
958,B00WRDS0AU,0.255524,Iron,https://amazon.com/dp/B00WRDS0AU
959,B07B7P51PW,0.55118,Iron,https://amazon.com/dp/B07B7P51PW
960,B00WRDRRWW,0.255524,Iron,https://amazon.com/dp/B00WRDRRWW
961,B07XMV34PX,0.55499,Iron,https://amazon.com/dp/B07XMV34PX
962,B075WZVRWX,0.7239,Iron,https://amazon.com/dp/B075WZVRWX
963,B07149TB7Y,1.59385,Iron,https://amazon.com/dp/B07149TB7Y
964,B07DYJ8J4Z,0.8509,Iron,https://amazon.com/dp/B07DYJ8J4Z
965,B0824FJCWG,1.4859,Iron,https://amazon.com/dp/B0824FJCWG
966,B0824FLS5H,0.6985,Iron,https://amazon.com/dp/B0824FLS5H
967,B07HK67M71,0.1651,Iron,https://amazon.com/dp/B07HK67M71
968,B07KR4BT31,0.78232,Iron,https://amazon.com/dp/B07KR4BT31
969,B07HK3HJ15,0.3302,Iron,https://amazon.com/dp/B07HK3HJ15
970,B07HK86WG8,0.320675,Iron,https://amazon.com/dp/B07HK86WG8
971,B07KRCLM6H,0.780034,Iron,https://amazon.com/dp/B07KRCLM6H
972,B0824FB7WR,1.47955,Iron,https://amazon.com/dp/B0824FB7WR
973,B0716YRXBG,1.44145,Iron,https://amazon.com/dp/B0716YRXBG
974,B01MZ81SKB,0.371602,Iron,https://amazon.co.uk/dp/B01MZ81SKB
975,B073772DH1,1.9304,Iron,https://amazon.com/dp/B073772DH1
976,B071F6WJ9V,1.5494,Iron,https://amazon.com/dp/B071F6WJ9V
977,B07374M9ZW,0.762,Iron,https://amazon.com/dp/B07374M9ZW
978,B07RT5JN33,1.205,Iron,https://amazon.de/dp/B07RT5JN33
979,B07RQZKXT4,0.6,Iron,https://amazon.de/dp/B07RQZKXT4
980,B075X2XZ8X,0.504952,Iron,https://amazon.de/dp/B075X2XZ8X
981,B076V626RZ,0.504825,Iron,https://amazon.fr/dp/B076V626RZ
982,B00NUS53CY,1.359916,Steel,https://amazon.co.jp/dp/B00NUS53CY
983,B07GNCVKSG,0.6096,Steel,https://amazon.com/dp/B07GNCVKSG
984,B07GPF4GDL,0.6096,Steel,https://amazon.com/dp/B07GPF4GDL
985,B07GNCVKVN,0.6096,Steel,https://amazon.com/dp/B07GNCVKVN
986,B07D4BD5D3,1.8923,Steel,https://amazon.com/dp/B07D4BD5D3
987,B082VSXML3,1.679956,Steel,https://amazon.com/dp/B082VSXML3
988,B082VSYX39,0.9652,Steel,https://amazon.com/dp/B082VSYX39
989,B07PKZMKJC,0.57404,Steel,https://amazon.com/dp/B07PKZMKJC
990,B07D4BD47F,2.0193,Steel,https://amazon.com/dp/B07D4BD47F
991,B082VT4GGJ,0.508,Steel,https://amazon.com/dp/B082VT4GGJ
992,B082VSLQBK,0.6096,Steel,https://amazon.com/dp/B082VSLQBK
993,B07DHK5DHN,0.509778,Steel,https://amazon.com/dp/B07DHK5DHN
994,B07CZ6P7QP,0.6096,Steel,https://amazon.com.mx/dp/B07CZ6P7QP
995,B07GNF6Q9L,0.8509,Steel,https://amazon.com/dp/B07GNF6Q9L
996,B07DHNHZ2Y,0.74295,Steel,https://amazon.com/dp/B07DHNHZ2Y
997,B07BLC96G2,0.4953,Steel,https://amazon.com/dp/B07BLC96G2
998,B07BLB6644,0.4572,Steel,https://amazon.com/dp/B07BLB6644
999,B07BL7H8N5,0.5207,Steel,https://amazon.com/dp/B07BL7H8N5
1000,B01LYBQXRH,1.3716,Steel,https://amazon.co.jp/dp/B01LYBQXRH
